Date,Price,Open,High,Low,Vol.,Change %
15-Apr-22,"450,500.00","450,500.00","453,000.00","448,000.00",-,-0.44%
14-Apr-22,"452,500.00","452,500.00","455,000.00","450,000.00",-,0.00%
13-Apr-22,"452,500.00","452,500.00","455,000.00","450,000.00",-,0.00%
12-Apr-22,"452,500.00","452,500.00","455,000.00","450,000.00",-,-1.09%
11-Apr-22,"457,500.00","457,500.00","460,000.00","455,000.00",-,-2.97%
8-Apr-22,"471,500.00","471,500.00","474,000.00","469,000.00",-,0.00%
7-Apr-22,"471,500.00","471,500.00","474,000.00","469,000.00",-,0.00%
6-Apr-22,"471,500.00","471,500.00","474,000.00","469,000.00",-,0.00%
1-Apr-22,"471,500.00","471,500.00","474,000.00","469,000.00",-,0.00%
31-Mar-22,"471,500.00","471,500.00","474,000.00","469,000.00",-,0.00%
30-Mar-22,"471,500.00",0,"474,000.00","469,000.00",-,0.00%
29-Mar-22,"471,500.00","471,500.00","474,000.00","469,000.00",-,-0.21%
28-Mar-22,"472,500.00",0,"475,000.00","470,000.00",-,0.00%
25-Mar-22,"472,500.00","472,500.00","475,000.00","470,000.00",-,0.00%
24-Mar-22,"472,500.00","472,500.00","475,000.00","470,000.00",-,0.00%
23-Mar-22,"472,500.00","472,500.00","475,000.00","470,000.00",-,0.00%
22-Mar-22,"472,500.00","472,500.00","475,000.00","470,000.00",-,0.00%
21-Mar-22,"472,500.00","472,500.00","475,000.00","470,000.00",-,0.00%
18-Mar-22,"472,500.00","472,500.00","475,000.00","470,000.00",-,0.00%
17-Mar-22,"472,500.00","472,500.00","475,000.00","470,000.00",-,0.00%
16-Mar-22,"472,500.00","472,500.00","475,000.00","470,000.00",-,0.00%
15-Mar-22,"472,500.00","472,500.00","475,000.00","470,000.00",-,1.07%
14-Mar-22,"467,500.00","467,500.00","470,000.00","465,000.00",-,0.00%
11-Mar-22,"467,500.00","467,500.00","470,000.00","465,000.00",-,0.00%
10-Mar-22,"467,500.00","467,500.00","470,000.00","465,000.00",-,0.00%
9-Mar-22,"467,500.00","467,500.00","470,000.00","465,000.00",-,0.00%
8-Mar-22,"467,500.00","467,500.00","470,000.00","465,000.00",-,0.00%
7-Mar-22,"467,500.00","467,500.00","470,000.00","465,000.00",-,0.00%
4-Mar-22,"467,500.00","467,500.00","470,000.00","465,000.00",-,0.00%
3-Mar-22,"467,500.00","467,500.00","470,000.00","465,000.00",-,1.08%
2-Mar-22,"462,500.00","462,500.00","465,000.00","460,000.00",-,2.21%
1-Mar-22,"452,500.00","452,500.00","455,000.00","450,000.00",-,0.00%
28-Feb-22,"452,500.00","452,500.00","455,000.00","450,000.00",-,0.44%
25-Feb-22,"450,500.00","450,500.00","453,000.00","448,000.00",-,0.67%
24-Feb-22,"447,500.00","447,500.00","450,000.00","445,000.00",-,0.67%
23-Feb-22,"444,500.00","444,500.00","447,000.00","442,000.00",-,2.77%
22-Feb-22,"432,500.00","432,500.00","435,000.00","430,000.00",-,0.00%
21-Feb-22,"432,500.00","432,500.00","435,000.00","430,000.00",-,2.37%
18-Feb-22,"422,500.00","422,500.00","425,000.00","420,000.00",-,1.20%
17-Feb-22,"417,500.00","417,500.00","420,000.00","415,000.00",-,2.20%
16-Feb-22,"408,500.00","408,500.00","411,000.00","406,000.00",-,2.77%
15-Feb-22,"397,500.00","397,500.00","400,000.00","395,000.00",-,1.27%
14-Feb-22,"392,500.00","392,500.00","395,000.00","390,000.00",-,1.29%
11-Feb-22,"387,500.00","387,500.00","390,000.00","385,000.00",-,2.65%
10-Feb-22,"377,500.00","377,500.00","380,000.00","375,000.00",-,0.00%
9-Feb-22,"377,500.00","377,500.00","380,000.00","375,000.00",-,2.72%
8-Feb-22,"367,500.00","367,500.00","370,000.00","365,000.00",-,0.00%
7-Feb-22,"367,500.00","367,500.00","370,000.00","365,000.00",-,1.38%
28-Jan-22,"362,500.00","362,500.00","365,000.00","360,000.00",-,2.84%
27-Jan-22,"352,500.00","352,500.00","355,000.00","350,000.00",-,0.00%
26-Jan-22,"352,500.00","352,500.00","355,000.00","350,000.00",-,0.00%
25-Jan-22,"352,500.00","352,500.00","355,000.00","350,000.00",-,0.00%
24-Jan-22,"352,500.00","352,500.00","353,000.00","348,000.00",-,2.92%
21-Jan-22,"342,500.00","342,500.00","345,000.00","340,000.00",-,2.70%
20-Jan-22,"333,500.00","333,500.00","336,000.00","331,000.00",-,2.46%
19-Jan-22,"325,500.00","325,500.00","328,000.00","323,000.00",-,2.52%
18-Jan-22,"317,500.00","317,500.00","320,000.00","315,000.00",-,1.60%
17-Jan-22,"312,500.00","312,500.00","315,000.00","310,000.00",-,0.00%
14-Jan-22,"312,500.00","312,500.00","315,000.00","310,000.00",-,0.00%
13-Jan-22,"312,500.00","312,500.00","315,000.00","310,000.00",-,1.96%
12-Jan-22,"306,500.00","306,500.00","309,000.00","304,000.00",-,2.68%
11-Jan-22,"298,500.00","298,500.00","301,000.00","296,000.00",-,2.75%
10-Jan-22,"290,500.00","290,500.00","293,000.00","288,000.00",-,2.83%
7-Jan-22,"282,500.00","282,500.00","285,000.00","280,000.00",-,2.54%
6-Jan-22,"275,500.00","275,500.00","278,000.00","273,000.00",-,2.99%
5-Jan-22,"267,500.00","267,500.00","270,000.00","265,000.00",-,1.13%
4-Jan-22,"264,500.00","264,500.00","267,000.00","262,000.00",-,0.00%
31-Dec-21,"264,500.00","264,500.00","267,000.00","262,000.00",-,2.72%
30-Dec-21,"257,500.00","257,500.00","260,000.00","255,000.00",-,1.98%
29-Dec-21,"252,500.00","252,500.00","255,000.00","250,000.00",-,0.80%
28-Dec-21,"250,500.00","250,500.00","253,000.00","248,000.00",-,2.87%
27-Dec-21,"243,500.00","243,500.00","246,000.00","241,000.00",-,2.96%
24-Dec-21,"236,500.00","236,500.00","239,000.00","234,000.00",-,2.60%
23-Dec-21,"230,500.00","230,500.00","233,000.00","228,000.00",-,2.67%
22-Dec-21,"224,500.00","224,500.00","227,000.00","222,000.00",-,0.00%
21-Dec-21,"224,500.00","224,500.00","227,000.00","222,000.00",-,1.35%
20-Dec-21,"221,500.00","221,500.00","224,000.00","219,000.00",-,2.78%
17-Dec-21,"215,500.00","215,500.00","218,000.00","213,000.00",-,2.38%
16-Dec-21,"210,500.00","210,500.00","213,000.00","208,000.00",-,0.48%
15-Dec-21,"209,500.00","209,500.00","212,000.00","207,000.00",-,0.96%
14-Dec-21,"207,500.00","207,500.00","210,000.00","205,000.00",-,0.00%
13-Dec-21,"207,500.00","207,500.00","210,000.00","205,000.00",-,2.47%
10-Dec-21,"202,500.00","202,500.00","205,000.00","200,000.00",-,2.02%
9-Dec-21,"198,500.00","198,500.00","201,000.00","196,000.00",-,2.06%
8-Dec-21,"194,500.00","194,500.00","197,000.00","192,000.00",-,2.10%
7-Dec-21,"190,500.00","190,500.00","193,000.00","188,000.00",-,0.00%
6-Dec-21,"190,500.00","190,500.00","193,000.00","188,000.00",-,0.00%
3-Dec-21,"190,500.00","190,500.00","193,000.00","188,000.00",-,0.53%
2-Dec-21,"189,500.00","189,500.00","192,000.00","187,000.00",-,1.07%
1-Dec-21,"187,500.00","187,500.00","190,000.00","185,000.00",-,1.08%
30-Nov-21,"185,500.00","185,500.00","188,000.00","183,000.00",-,0.00%
29-Nov-21,"185,500.00","185,500.00","188,000.00","183,000.00",-,0.00%
26-Nov-21,"185,500.00","185,500.00","188,000.00","183,000.00",-,0.00%
25-Nov-21,"185,500.00","185,500.00","188,000.00","183,000.00",-,0.00%
24-Nov-21,"185,500.00","185,500.00","188,000.00","183,000.00",-,0.00%
23-Nov-21,"185,500.00","185,500.00","188,000.00","183,000.00",-,1.64%
22-Nov-21,"182,500.00","182,500.00","185,000.00","180,000.00",-,1.11%
19-Nov-21,"180,500.00","180,500.00","183,000.00","178,000.00",-,0.00%
18-Nov-21,"180,500.00","180,500.00","183,000.00","178,000.00",-,0.00%
17-Nov-21,"180,500.00","180,500.00","183,000.00","178,000.00",-,1.12%
16-Nov-21,"178,500.00","178,500.00","181,000.00","176,000.00",-,0.00%
15-Nov-21,"178,500.00","178,500.00","181,000.00","176,000.00",-,0.00%
12-Nov-21,"178,500.00","178,500.00","181,000.00","176,000.00",-,0.00%
11-Nov-21,"178,500.00","178,500.00","181,000.00","176,000.00",-,0.56%
10-Nov-21,"177,500.00","177,500.00","180,000.00","175,000.00",-,1.14%
9-Nov-21,"175,500.00","175,500.00","178,000.00","173,000.00",-,0.00%
8-Nov-21,"175,500.00","175,500.00","178,000.00","173,000.00",-,0.00%
5-Nov-21,"175,500.00","175,500.00","178,000.00","173,000.00",-,0.00%
4-Nov-21,"175,500.00","175,500.00","178,000.00","173,000.00",-,0.00%
3-Nov-21,"175,500.00","175,500.00","178,000.00","173,000.00",-,0.00%
2-Nov-21,"175,500.00","175,500.00","178,000.00","173,000.00",-,0.00%
1-Nov-21,"175,500.00","175,500.00","178,000.00","173,000.00",-,0.00%
29-Oct-21,"175,500.00","175,500.00","178,000.00","173,000.00",-,0.00%
28-Oct-21,"175,500.00","175,500.00","178,000.00","173,000.00",-,0.00%
27-Oct-21,"175,500.00","175,500.00","178,000.00","173,000.00",-,0.00%
26-Oct-21,"175,500.00","175,500.00","178,000.00","173,000.00",-,0.00%
25-Oct-21,"175,500.00","175,500.00","178,000.00","173,000.00",-,1.74%
22-Oct-21,"172,500.00","172,500.00","175,000.00","170,000.00",-,-1.15%
21-Oct-21,"174,500.00","174,500.00","177,000.00","172,000.00",-,0.87%
20-Oct-21,"173,000.00","173,000.00","174,000.00","172,000.00",-,0.00%
19-Oct-21,"173,000.00","173,000.00","174,000.00","172,000.00",-,0.00%
18-Oct-21,"173,000.00","173,000.00","174,000.00","172,000.00",-,0.00%
15-Oct-21,"173,000.00","173,000.00","174,000.00","172,000.00",-,0.00%
14-Oct-21,"173,000.00","173,000.00","174,000.00","172,000.00",-,0.00%
13-Oct-21,"173,000.00","173,000.00","174,000.00","172,000.00",-,0.00%
12-Oct-21,"173,000.00","173,000.00","174,000.00","172,000.00",-,0.00%
11-Oct-21,"173,000.00","173,000.00","174,000.00","172,000.00",-,1.17%
29-Sep-21,"171,000.00","171,000.00","172,000.00","170,000.00",-,1.18%
28-Sep-21,"169,000.00","169,000.00","170,000.00","168,000.00",-,1.81%
27-Sep-21,"166,000.00","166,000.00","167,000.00","165,000.00",-,3.75%
24-Sep-21,"160,000.00","160,000.00","161,000.00","159,000.00",-,1.91%
23-Sep-21,"157,000.00","157,000.00","158,000.00","156,000.00",-,1.95%
22-Sep-21,"154,000.00","154,000.00","155,000.00","153,000.00",-,4.05%
17-Sep-21,"148,000.00","148,000.00","149,000.00","147,000.00",-,2.07%
16-Sep-21,"145,000.00","145,000.00","146,000.00","144,000.00",-,2.11%
15-Sep-21,"142,000.00","142,000.00","143,000.00","141,000.00",-,2.16%
14-Sep-21,"139,000.00","139,000.00","140,000.00","138,000.00",-,1.46%
13-Sep-21,"137,000.00","137,000.00","138,000.00","136,000.00",-,2.24%
10-Sep-21,"134,000.00","134,000.00","135,000.00","133,000.00",-,2.29%
9-Sep-21,"131,000.00","131,000.00","132,000.00","130,000.00",-,2.34%
8-Sep-21,"128,000.00","128,000.00","129,000.00","127,000.00",-,2.40%
7-Sep-21,"125,000.00","125,000.00","126,000.00","124,000.00",-,2.46%
6-Sep-21,"122,000.00","122,000.00","123,000.00","121,000.00",-,1.67%
3-Sep-21,"120,000.00","120,000.00","121,000.00","119,000.00",-,1.69%
2-Sep-21,"118,000.00","118,000.00","119,000.00","117,000.00",-,2.61%
1-Sep-21,"115,000.00","115,000.00","116,000.00","114,000.00",-,2.68%
31-Aug-21,"112,000.00","112,000.00","113,000.00","111,000.00",-,1.82%
30-Aug-21,"110,000.00","110,000.00","111,000.00","109,000.00",-,1.85%
27-Aug-21,"108,000.00","108,000.00","109,000.00","107,000.00",-,0.93%
26-Aug-21,"107,000.00","107,000.00","108,000.00","106,000.00",-,0.94%
25-Aug-21,"106,000.00","106,000.00","107,000.00","105,000.00",-,1.92%
24-Aug-21,"104,000.00","104,000.00","105,000.00","103,000.00",-,1.96%
23-Aug-21,"102,000.00","102,000.00","103,000.00","101,000.00",-,2.00%
20-Aug-21,"100,000.00","100,000.00","101,000.00","99,000.00",-,0.00%
19-Aug-21,"100,000.00","100,000.00","101,000.00","99,000.00",-,0.00%
18-Aug-21,"100,000.00","100,000.00","101,000.00","99,000.00",-,2.04%
17-Aug-21,"98,000.00","98,000.00","99,000.00","97,000.00",-,2.08%
16-Aug-21,"96,000.00","96,000.00","97,000.00","95,000.00",-,2.13%
13-Aug-21,"94,000.00","94,000.00","95,000.00","93,000.00",-,1.08%
12-Aug-21,"93,000.00","93,000.00","94,000.00","92,000.00",-,1.09%
11-Aug-21,"92,000.00","92,000.00","93,000.00","91,000.00",-,1.10%
10-Aug-21,"91,000.00","91,000.00","92,000.00","90,000.00",-,2.25%
9-Aug-21,"89,000.00","89,000.00","90,000.00","88,000.00",-,2.30%
6-Aug-21,"87,000.00","87,000.00","88,000.00","86,000.00",-,0.00%
5-Aug-21,"87,000.00","87,000.00","88,000.00","86,000.00",-,0.00%
4-Aug-21,"87,000.00","87,000.00","88,000.00","86,000.00",-,0.00%
3-Aug-21,"87,000.00","87,000.00","88,000.00","86,000.00",-,2.35%
2-Aug-21,"85,000.00","85,000.00","86,000.00","84,000.00",-,0.00%
30-Jul-21,"85,000.00","85,000.00","86,000.00","84,000.00",-,1.19%
29-Jul-21,"84,000.00","84,000.00","85,000.00","83,000.00",-,1.20%
28-Jul-21,"83,000.00","83,000.00","84,000.00","82,000.00",-,1.22%
27-Jul-21,"82,000.00","82,000.00","83,000.00","81,000.00",-,0.00%
26-Jul-21,"82,000.00","82,000.00","83,000.00","81,000.00",-,2.50%
23-Jul-21,"80,000.00","80,000.00","81,000.00","79,000.00",-,0.00%
22-Jul-21,"80,000.00","80,000.00","81,000.00","79,000.00",-,0.00%
21-Jul-21,"80,000.00","80,000.00","81,000.00","79,000.00",-,0.00%
20-Jul-21,"80,000.00","80,000.00","81,000.00","79,000.00",-,0.00%
19-Jul-21,"80,000.00","80,000.00","81,000.00","79,000.00",-,0.00%
16-Jul-21,"80,000.00","80,000.00","81,000.00","79,000.00",-,0.00%
15-Jul-21,"80,000.00","80,000.00","81,000.00","79,000.00",-,0.00%
14-Jul-21,"80,000.00","80,000.00","81,000.00","79,000.00",-,0.00%
13-Jul-21,"80,000.00","80,000.00","81,000.00","79,000.00",-,0.00%
12-Jul-21,"80,000.00","80,000.00","81,000.00","79,000.00",-,0.00%
9-Jul-21,"80,000.00","80,000.00","81,000.00","79,000.00",-,0.00%
8-Jul-21,"80,000.00","80,000.00","81,000.00","79,000.00",-,0.00%
7-Jul-21,"80,000.00","80,000.00","81,000.00","79,000.00",-,0.00%
6-Jul-21,"80,000.00","80,000.00","81,000.00","79,000.00",-,0.00%
5-Jul-21,"80,000.00","80,000.00","81,000.00","79,000.00",-,0.00%
2-Jul-21,"80,000.00","80,000.00","81,000.00","79,000.00",-,0.00%
1-Jul-21,"80,000.00","80,000.00","81,000.00","79,000.00",-,0.00%
30-Jun-21,"80,000.00","80,000.00","81,000.00","79,000.00",-,0.00%
29-Jun-21,"80,000.00","80,000.00","81,000.00","79,000.00",-,0.00%
28-Jun-21,"80,000.00","80,000.00","81,000.00","79,000.00",-,0.00%
25-Jun-21,"80,000.00","80,000.00","81,000.00","79,000.00",-,0.00%
24-Jun-21,"80,000.00","80,000.00","81,000.00","79,000.00",-,0.00%
23-Jun-21,"80,000.00","80,000.00","81,000.00","79,000.00",-,-1.23%
22-Jun-21,"81,000.00","81,000.00","82,000.00","80,000.00",-,0.00%
21-Jun-21,"81,000.00","81,000.00","82,000.00","80,000.00",-,0.00%
18-Jun-21,"81,000.00","81,000.00","82,000.00","80,000.00",-,0.00%
17-Jun-21,"81,000.00","81,000.00","82,000.00","80,000.00",-,0.00%
16-Jun-21,"81,000.00","81,000.00","82,000.00","80,000.00",-,0.00%
15-Jun-21,"81,000.00","81,000.00","82,000.00","80,000.00",-,0.00%
11-Jun-21,"81,000.00","81,000.00","82,000.00","80,000.00",-,0.00%
10-Jun-21,"81,000.00","81,000.00","82,000.00","80,000.00",-,0.00%
9-Jun-21,"81,000.00","81,000.00","82,000.00","80,000.00",-,0.00%
8-Jun-21,"81,000.00","81,000.00","82,000.00","80,000.00",-,0.00%
7-Jun-21,"81,000.00","81,000.00","82,000.00","80,000.00",-,0.00%
4-Jun-21,"81,000.00","81,000.00","82,000.00","80,000.00",-,0.00%
3-Jun-21,"81,000.00","81,000.00","82,000.00","80,000.00",-,0.00%
2-Jun-21,"81,000.00","81,000.00","82,000.00","80,000.00",-,0.00%
1-Jun-21,"81,000.00","81,000.00","82,000.00","80,000.00",-,0.00%
31-May-21,"81,000.00","81,000.00","82,000.00","80,000.00",-,0.00%
28-May-21,"81,000.00","81,000.00","82,000.00","80,000.00",-,0.00%
27-May-21,"81,000.00","81,000.00","82,000.00","80,000.00",-,0.00%
26-May-21,"81,000.00","81,000.00","82,000.00","80,000.00",-,0.00%
25-May-21,"81,000.00","81,000.00","82,000.00","80,000.00",-,0.00%
24-May-21,"81,000.00","81,000.00","82,000.00","80,000.00",-,-0.61%
21-May-21,"81,500.00","81,500.00","82,500.00","80,500.00",-,0.00%
20-May-21,"81,500.00","81,500.00","82,500.00","80,500.00",-,0.00%
19-May-21,"81,500.00","81,500.00","82,500.00","80,500.00",-,0.00%
18-May-21,"81,500.00","81,500.00","82,500.00","80,500.00",-,-0.61%
17-May-21,"82,000.00","82,000.00","83,000.00","81,000.00",-,0.00%
14-May-21,"82,000.00","82,000.00","83,000.00","81,000.00",-,0.00%
13-May-21,"82,000.00","82,000.00","83,000.00","81,000.00",-,0.00%
12-May-21,"82,000.00","82,000.00","83,000.00","81,000.00",-,0.00%
11-May-21,"82,000.00","82,000.00","83,000.00","81,000.00",-,0.00%
10-May-21,"82,000.00","82,000.00","83,000.00","81,000.00",-,0.00%
7-May-21,"82,000.00","82,000.00","83,000.00","81,000.00",-,0.00%
6-May-21,"82,000.00","82,000.00","83,000.00","81,000.00",-,0.00%
30-Apr-21,"82,000.00","82,000.00","83,000.00","81,000.00",-,0.00%
29-Apr-21,"82,000.00","82,000.00","83,000.00","81,000.00",-,0.00%
28-Apr-21,"82,000.00","82,000.00","83,000.00","81,000.00",-,0.00%
27-Apr-21,"82,000.00","82,000.00","83,000.00","81,000.00",-,0.00%
26-Apr-21,"82,000.00","82,000.00","83,000.00","81,000.00",-,0.00%
23-Apr-21,"82,000.00","82,000.00","83,000.00","81,000.00",-,0.00%
22-Apr-21,"82,000.00","82,000.00","83,000.00","81,000.00",-,0.00%
21-Apr-21,"82,000.00","82,000.00","83,000.00","81,000.00",-,0.00%
20-Apr-21,"82,000.00","82,000.00","83,000.00","81,000.00",-,0.00%
19-Apr-21,"82,000.00","82,000.00","83,000.00","81,000.00",-,0.00%
16-Apr-21,"82,000.00","82,000.00","83,000.00","81,000.00",-,0.00%
15-Apr-21,"82,000.00","82,000.00","83,000.00","81,000.00",-,0.00%
14-Apr-21,"82,000.00","82,000.00","83,000.00","81,000.00",-,-1.20%
13-Apr-21,"83,000.00","83,000.00","84,000.00","82,000.00",-,0.00%
12-Apr-21,"83,000.00","83,000.00","84,000.00","82,000.00",-,0.00%
9-Apr-21,"83,000.00","83,000.00","84,000.00","82,000.00",-,0.00%
8-Apr-21,"83,000.00","83,000.00","84,000.00","82,000.00",-,-1.19%
7-Apr-21,"84,000.00","84,000.00","85,000.00","83,000.00",-,0.00%
6-Apr-21,"84,000.00","84,000.00","85,000.00","83,000.00",-,0.00%
2-Apr-21,"84,000.00","84,000.00","85,000.00","83,000.00",-,0.00%
1-Apr-21,"84,000.00","84,000.00","85,000.00","83,000.00",-,0.00%
31-Mar-21,"84,000.00","84,000.00","85,000.00","83,000.00",-,0.00%
30-Mar-21,"84,000.00","84,000.00","85,000.00","83,000.00",-,0.00%
29-Mar-21,"84,000.00","84,000.00","85,000.00","83,000.00",-,0.00%
26-Mar-21,"84,000.00","84,000.00","85,000.00","83,000.00",-,0.00%
25-Mar-21,"84,000.00","84,000.00","85,000.00","83,000.00",-,0.00%
24-Mar-21,"84,000.00","84,000.00","85,000.00","83,000.00",-,0.00%
23-Mar-21,"84,000.00","84,000.00","85,000.00","83,000.00",-,0.00%
22-Mar-21,"84,000.00","84,000.00","85,000.00","83,000.00",-,1.20%
19-Mar-21,"83,000.00","83,000.00","84,000.00","82,000.00",-,1.22%
18-Mar-21,"82,000.00","82,000.00","83,000.00","81,000.00",-,2.50%
17-Mar-21,"80,000.00","80,000.00","81,000.00","79,000.00",-,0.00%
16-Mar-21,"80,000.00","80,000.00","81,000.00","79,000.00",-,0.00%
15-Mar-21,"80,000.00","80,000.00","81,000.00","79,000.00",-,0.00%
12-Mar-21,"80,000.00","80,000.00","81,000.00","79,000.00",-,0.00%
11-Mar-21,"80,000.00","80,000.00","81,000.00","79,000.00",-,0.00%
10-Mar-21,"80,000.00","80,000.00","81,000.00","79,000.00",-,0.00%
9-Mar-21,"80,000.00","80,000.00","81,000.00","79,000.00",-,0.00%
8-Mar-21,"80,000.00","80,000.00","81,000.00","79,000.00",-,0.00%
5-Mar-21,"80,000.00","80,000.00","81,000.00","79,000.00",-,0.00%
4-Mar-21,"80,000.00","80,000.00","81,000.00","79,000.00",-,0.63%
3-Mar-21,"79,500.00","79,500.00","80,500.00","78,500.00",-,2.58%
2-Mar-21,"77,500.00","77,500.00","78,500.00","76,500.00",-,0.00%
1-Mar-21,"77,500.00","77,500.00","78,500.00","76,500.00",-,0.65%
26-Feb-21,"77,000.00","77,000.00","78,000.00","76,000.00",-,1.32%
25-Feb-21,"76,000.00","76,000.00","77,000.00","75,000.00",-,2.70%
24-Feb-21,"74,000.00","74,000.00","75,000.00","73,000.00",-,2.78%
23-Feb-21,"72,000.00","72,000.00","73,000.00","71,000.00",-,2.86%
22-Feb-21,"70,000.00","70,000.00","71,000.00","69,000.00",-,2.19%
5-Feb-21,"68,500.00","68,500.00","69,500.00","67,500.00",-,0.00%
4-Feb-21,"68,500.00","68,500.00","69,500.00","67,500.00",-,0.00%
3-Feb-21,"68,500.00","68,500.00","69,500.00","67,500.00",-,0.00%
2-Feb-21,"68,500.00","68,500.00","69,500.00","67,500.00",-,0.00%
1-Feb-21,"68,500.00","68,500.00","69,500.00","67,500.00",-,0.74%
29-Jan-21,"68,000.00","68,000.00","69,000.00","67,000.00",-,0.74%
28-Jan-21,"67,500.00","67,500.00","68,500.00","66,500.00",-,0.00%
27-Jan-21,"67,500.00","67,500.00","68,500.00","66,500.00",-,2.27%
26-Jan-21,"66,000.00","66,000.00","67,000.00","65,000.00",-,2.33%
25-Jan-21,"64,500.00","64,500.00","65,500.00","63,500.00",-,2.38%
22-Jan-21,"63,000.00","63,000.00","64,000.00","62,000.00",-,2.44%
21-Jan-21,"61,500.00","61,500.00","62,500.00","60,500.00",-,0.00%
20-Jan-21,"61,500.00","61,500.00","62,500.00","60,500.00",-,2.50%
19-Jan-21,"60,000.00","60,000.00","61,000.00","59,000.00",-,2.56%
18-Jan-21,"58,500.00","58,500.00","59,500.00","57,500.00",-,2.63%
15-Jan-21,"57,000.00","57,000.00","58,000.00","56,000.00",-,1.79%
14-Jan-21,"56,000.00","56,000.00","57,000.00","55,000.00",-,1.82%
13-Jan-21,"55,000.00","55,000.00","56,000.00","54,000.00",-,0.00%
12-Jan-21,"55,000.00","55,000.00","56,000.00","54,000.00",-,1.85%
11-Jan-21,"54,000.00","54,000.00","55,000.00","53,000.00",-,2.86%
8-Jan-21,"52,500.00","52,500.00","53,500.00","51,500.00",-,1.94%
7-Jan-21,"51,500.00","51,500.00","52,500.00","50,500.00",-,1.98%
6-Jan-21,"50,500.00","50,500.00","51,500.00","49,500.00",-,2.02%
5-Jan-21,"49,500.00","49,500.00","50,500.00","48,500.00",-,2.06%
4-Jan-21,"48,500.00","48,500.00","49,500.00","47,500.00",-,0.00%
31-Dec-20,"48,500.00","48,500.00","49,500.00","47,500.00",-,1.04%
30-Dec-20,"48,000.00","48,000.00","49,000.00","47,000.00",-,0.00%
29-Dec-20,"48,000.00","48,000.00","49,000.00","47,000.00",-,2.13%
28-Dec-20,"47,000.00","47,000.00","48,000.00","46,000.00",-,2.17%
25-Dec-20,"46,000.00","46,000.00","47,000.00","45,000.00",-,0.00%
24-Dec-20,"46,000.00","46,000.00","47,000.00","45,000.00",-,1.10%
23-Dec-20,"45,500.00","45,500.00","46,500.00","44,500.00",-,2.25%
22-Dec-20,"44,500.00","44,500.00","45,500.00","43,500.00",-,1.14%
21-Dec-20,"44,000.00","44,000.00","45,000.00","43,000.00",-,0.00%
18-Dec-20,"44,000.00","44,000.00","45,000.00","43,000.00",-,0.00%
17-Dec-20,"44,000.00","44,000.00","45,000.00","43,000.00",-,0.00%
16-Dec-20,"44,000.00","44,000.00","45,000.00","43,000.00",-,0.00%
15-Dec-20,"44,000.00","44,000.00","45,000.00","43,000.00",-,1.15%
14-Dec-20,"43,500.00","43,500.00","44,500.00","42,500.00",-,1.16%
11-Dec-20,"43,000.00","43,000.00","44,000.00","42,000.00",-,0.00%
10-Dec-20,"43,000.00","43,000.00","44,000.00","42,000.00",-,2.38%
9-Dec-20,"42,000.00","42,000.00","43,000.00","41,000.00",-,0.00%
8-Dec-20,"42,000.00","42,000.00","43,000.00","41,000.00",-,0.00%
7-Dec-20,"42,000.00","42,000.00","43,000.00","41,000.00",-,2.44%
4-Dec-20,"41,000.00","41,000.00","42,000.00","40,000.00",-,0.00%
3-Dec-20,"41,000.00","41,000.00","42,000.00","40,000.00",-,0.00%
2-Dec-20,"41,000.00","41,000.00","42,000.00","40,000.00",-,2.50%
1-Dec-20,"40,000.00","40,000.00","41,000.00","39,000.00",-,2.56%
30-Nov-20,"39,000.00","39,000.00","40,000.00","38,000.00",-,0.00%
27-Nov-20,"39,000.00","39,000.00","40,000.00","38,000.00",-,0.00%
26-Nov-20,"39,000.00","39,000.00","40,000.00","38,000.00",-,0.00%
25-Nov-20,"39,000.00","39,000.00","40,000.00","38,000.00",-,0.00%
24-Nov-20,"39,000.00","39,000.00","40,000.00","38,000.00",-,0.00%
23-Nov-20,"39,000.00","39,000.00","40,000.00","38,000.00",-,0.00%
20-Nov-20,"39,000.00","39,000.00","40,000.00","38,000.00",-,1.30%
19-Nov-20,"38,500.00","38,500.00","39,500.00","37,500.00",-,1.32%
18-Nov-20,"38,000.00","38,000.00","39,000.00","37,000.00",-,1.33%
17-Nov-20,"37,500.00","37,500.00","38,500.00","36,500.00",-,0.00%
16-Nov-20,"37,500.00","37,500.00","38,500.00","36,500.00",-,1.35%
13-Nov-20,"37,000.00","37,000.00","38,000.00","36,000.00",-,0.00%
12-Nov-20,"37,000.00","37,000.00","38,000.00","36,000.00",-,1.37%
11-Nov-20,"36,500.00","36,500.00","37,500.00","35,500.00",-,0.00%
10-Nov-20,"36,500.00","36,500.00","37,500.00","35,500.00",-,0.00%
9-Nov-20,"36,500.00","36,500.00","37,500.00","35,500.00",-,0.00%
6-Nov-20,"36,500.00","36,500.00","37,500.00","35,500.00",-,0.00%
5-Nov-20,"36,500.00","36,500.00","37,500.00","35,500.00",-,1.39%
4-Nov-20,"36,000.00","36,000.00","37,000.00","35,000.00",-,0.00%
3-Nov-20,"36,000.00","36,000.00","37,000.00","35,000.00",-,0.00%
2-Nov-20,"36,000.00","36,000.00","37,000.00","35,000.00",-,0.00%
30-Oct-20,"36,000.00","36,000.00","37,000.00","35,000.00",-,1.41%
29-Oct-20,"35,500.00","35,500.00","36,500.00","34,500.00",-,0.00%
28-Oct-20,"35,500.00","35,500.00","36,500.00","34,500.00",-,0.00%
27-Oct-20,"35,500.00","35,500.00","36,500.00","34,500.00",-,0.85%
26-Oct-20,"35,200.00","35,200.00","36,200.00","34,200.00",-,0.57%
23-Oct-20,"35,000.00","35,000.00","36,000.00","34,000.00",-,0.00%
22-Oct-20,"35,000.00","35,000.00","36,000.00","34,000.00",-,0.00%
21-Oct-20,"35,000.00","35,000.00","36,000.00","34,000.00",-,0.00%
20-Oct-20,"35,000.00","35,000.00","36,000.00","34,000.00",-,0.00%
19-Oct-20,"35,000.00","35,000.00","36,000.00","34,000.00",-,0.00%
16-Oct-20,"35,000.00","35,000.00","36,000.00","34,000.00",-,0.00%
15-Oct-20,"35,000.00","35,000.00","36,000.00","34,000.00",-,0.57%
14-Oct-20,"34,800.00","34,800.00","35,800.00","33,800.00",-,0.87%
13-Oct-20,"34,500.00","34,500.00","35,500.00","33,500.00",-,0.00%
12-Oct-20,"34,500.00","34,500.00","35,500.00","33,500.00",-,0.00%
29-Sep-20,"34,500.00","34,500.00","35,500.00","33,500.00",-,0.00%
28-Sep-20,"34,500.00","34,500.00","35,500.00","33,500.00",-,0.58%
25-Sep-20,"34,300.00","34,300.00","35,300.00","33,300.00",-,0.00%
24-Sep-20,"34,300.00","34,300.00","35,300.00","33,300.00",-,0.00%
23-Sep-20,"34,300.00","34,300.00","35,300.00","33,300.00",-,0.00%
22-Sep-20,"34,300.00","34,300.00","35,300.00","33,300.00",-,0.00%
21-Sep-20,"34,300.00","34,300.00","35,300.00","33,300.00",-,0.88%
18-Sep-20,"34,000.00","34,000.00","35,000.00","33,000.00",-,0.00%
17-Sep-20,"34,000.00","34,000.00","35,000.00","33,000.00",-,0.00%
16-Sep-20,"34,000.00","34,000.00","35,000.00","33,000.00",-,0.00%
15-Sep-20,"34,000.00","34,000.00","35,000.00","33,000.00",-,0.00%
14-Sep-20,"34,000.00","34,000.00","35,000.00","33,000.00",-,0.00%
11-Sep-20,"34,000.00","34,000.00","35,000.00","33,000.00",-,0.00%
10-Sep-20,"34,000.00","34,000.00","35,000.00","33,000.00",-,0.00%
9-Sep-20,"34,000.00","34,000.00","35,000.00","33,000.00",-,0.00%
8-Sep-20,"34,000.00","34,000.00","35,000.00","33,000.00",-,0.00%
7-Sep-20,"34,000.00","34,000.00","35,000.00","33,000.00",-,0.00%
4-Sep-20,"34,000.00","34,000.00","35,000.00","33,000.00",-,0.00%
3-Sep-20,"34,000.00","34,000.00","35,000.00","33,000.00",-,0.00%
2-Sep-20,"34,000.00","34,000.00","35,000.00","33,000.00",-,0.00%
1-Sep-20,"34,000.00","34,000.00","35,000.00","33,000.00",-,0.00%
31-Aug-20,"34,000.00","34,000.00","35,000.00","33,000.00",-,0.00%
28-Aug-20,"34,000.00","34,000.00","35,000.00","33,000.00",-,0.00%
27-Aug-20,"34,000.00","34,000.00","35,000.00","33,000.00",-,0.00%
26-Aug-20,"34,000.00","34,000.00","35,000.00","33,000.00",-,0.00%
25-Aug-20,"34,000.00","34,000.00","35,000.00","33,000.00",-,0.00%
24-Aug-20,"34,000.00","34,000.00","35,000.00","33,000.00",-,0.00%
21-Aug-20,"34,000.00","34,000.00","35,000.00","33,000.00",-,0.00%
20-Aug-20,"34,000.00","34,000.00","35,000.00","33,000.00",-,-2.02%
19-Aug-20,"34,700.00","34,700.00","35,700.00","33,700.00",-,0.00%
18-Aug-20,"34,700.00","34,700.00","35,700.00","33,700.00",-,0.00%
17-Aug-20,"34,700.00","34,700.00","35,700.00","33,700.00",-,0.00%
14-Aug-20,"34,700.00","34,700.00","35,700.00","33,700.00",-,0.00%
13-Aug-20,"34,700.00","34,700.00","35,700.00","33,700.00",-,0.00%
12-Aug-20,"34,700.00","34,700.00","35,700.00","33,700.00",-,0.00%
11-Aug-20,"34,700.00","34,700.00","35,700.00","33,700.00",-,0.00%
10-Aug-20,"34,700.00","34,700.00","35,700.00","33,700.00",-,0.00%
7-Aug-20,"34,700.00","34,700.00","35,700.00","33,700.00",-,0.00%
6-Aug-20,"34,700.00","34,700.00","35,700.00","33,700.00",-,0.00%
5-Aug-20,"34,700.00","34,700.00","35,700.00","33,700.00",-,0.00%
4-Aug-20,"34,700.00","34,700.00","35,700.00","33,700.00",-,0.00%
3-Aug-20,"34,700.00","34,700.00","35,700.00","33,700.00",-,0.00%
31-Jul-20,"34,700.00","34,700.00","35,700.00","33,700.00",-,0.58%
30-Jul-20,"34,500.00","34,500.00","35,500.00","33,500.00",-,0.00%
29-Jul-20,"34,500.00","34,500.00","35,500.00","33,500.00",-,0.00%
28-Jul-20,"34,500.00","34,500.00","35,500.00","33,500.00",-,0.00%
27-Jul-20,"34,500.00","34,500.00","35,500.00","33,500.00",-,0.00%
24-Jul-20,"34,500.00","34,500.00","35,500.00","33,500.00",-,0.00%
23-Jul-20,"34,500.00","34,500.00","35,500.00","33,500.00",-,0.00%
22-Jul-20,"34,500.00","34,500.00","35,500.00","33,500.00",-,0.00%
21-Jul-20,"34,500.00","34,500.00","35,500.00","33,500.00",-,0.00%
20-Jul-20,"34,500.00","34,500.00","35,500.00","33,500.00",-,0.00%
17-Jul-20,"34,500.00","34,500.00","35,500.00","33,500.00",-,0.00%
16-Jul-20,"34,500.00","34,500.00","35,500.00","33,500.00",-,0.00%
15-Jul-20,"34,500.00","34,500.00","35,500.00","33,500.00",-,1.47%
14-Jul-20,"34,000.00","34,000.00","35,000.00","33,000.00",-,0.00%
13-Jul-20,"34,000.00","34,000.00","35,000.00","33,000.00",-,0.00%
10-Jul-20,"34,000.00","34,000.00","35,000.00","33,000.00",-,1.49%
9-Jul-20,"33,500.00","33,500.00","34,500.00","32,500.00",-,0.00%
8-Jul-20,"33,500.00","33,500.00","34,500.00","32,500.00",-,0.00%
7-Jul-20,"33,500.00","33,500.00","34,500.00","32,500.00",-,0.00%
6-Jul-20,"33,500.00","33,500.00","34,500.00","32,500.00",-,0.00%
3-Jul-20,"33,500.00","33,500.00","34,500.00","32,500.00",-,-1.47%
2-Jul-20,"34,000.00","34,000.00","35,500.00","32,500.00",-,0.00%
1-Jul-20,"34,000.00","34,000.00","35,500.00","32,500.00",-,0.00%
30-Jun-20,"34,000.00","34,000.00","35,500.00","32,500.00",-,0.00%
29-Jun-20,"34,000.00","34,000.00","35,500.00","32,500.00",-,0.00%
24-Jun-20,"34,000.00","34,000.00","35,500.00","32,500.00",-,0.00%
23-Jun-20,"34,000.00","34,000.00","35,500.00","32,500.00",-,0.00%
22-Jun-20,"34,000.00","34,000.00","35,500.00","32,500.00",-,-1.45%
19-Jun-20,"34,500.00","34,500.00","36,000.00","33,000.00",-,0.00%
18-Jun-20,"34,500.00","34,500.00","36,000.00","33,000.00",-,0.00%
17-Jun-20,"34,500.00","34,500.00","36,000.00","33,000.00",-,0.00%
16-Jun-20,"34,500.00","34,500.00","36,000.00","33,000.00",-,0.00%
15-Jun-20,"34,500.00","34,500.00","36,000.00","33,000.00",-,0.00%
12-Jun-20,"34,500.00","34,500.00","36,000.00","33,000.00",-,0.00%
11-Jun-20,"34,500.00","34,500.00","36,000.00","33,000.00",-,0.00%
10-Jun-20,"34,500.00","34,500.00","36,000.00","33,000.00",-,0.00%
9-Jun-20,"34,500.00","34,500.00","36,000.00","33,000.00",-,0.00%
8-Jun-20,"34,500.00","34,500.00","36,000.00","33,000.00",-,0.00%
5-Jun-20,"34,500.00","34,500.00","36,000.00","33,000.00",-,-1.43%
4-Jun-20,"35,000.00","35,000.00","36,500.00","33,500.00",-,0.00%
3-Jun-20,"35,000.00","35,000.00","36,500.00","33,500.00",-,0.00%
2-Jun-20,"35,000.00","35,000.00","36,500.00","33,500.00",-,-1.41%
1-Jun-20,"35,500.00","35,500.00","37,000.00","34,000.00",-,0.00%
29-May-20,"35,500.00","35,500.00","37,000.00","34,000.00",-,0.00%
28-May-20,"35,500.00","35,500.00","37,000.00","34,000.00",-,0.00%
27-May-20,"35,500.00","35,500.00","37,000.00","34,000.00",-,0.00%
26-May-20,"35,500.00","35,500.00","37,000.00","34,000.00",-,-1.39%
25-May-20,"36,000.00","36,000.00","37,500.00","34,500.00",-,0.00%
22-May-20,"36,000.00","36,000.00","37,500.00","34,500.00",-,-1.37%
21-May-20,"36,500.00","36,500.00","38,000.00","35,000.00",-,0.00%
20-May-20,"36,500.00","36,500.00","38,000.00","35,000.00",-,0.00%
19-May-20,"36,500.00","36,500.00","38,000.00","35,000.00",-,0.00%
18-May-20,"36,500.00","36,500.00","38,000.00","35,000.00",-,0.00%
15-May-20,"36,500.00","36,500.00","38,000.00","35,000.00",-,-1.35%
14-May-20,"37,000.00","37,000.00","38,500.00","35,500.00",-,0.00%
13-May-20,"37,000.00","37,000.00","38,500.00","35,500.00",-,0.00%
12-May-20,"37,000.00","37,000.00","38,500.00","35,500.00",-,-1.33%
11-May-20,"37,500.00","37,500.00","39,000.00","36,000.00",-,0.00%
8-May-20,"37,500.00","37,500.00","39,000.00","36,000.00",-,0.00%
7-May-20,"37,500.00","37,500.00","39,000.00","36,000.00",-,0.00%
6-May-20,"37,500.00","37,500.00","39,000.00","36,000.00",-,0.00%
30-Apr-20,"37,500.00","37,500.00","39,000.00","36,000.00",-,0.00%
29-Apr-20,"37,500.00","37,500.00","39,000.00","36,000.00",-,0.00%
28-Apr-20,"37,500.00","37,500.00","39,000.00","36,000.00",-,-1.32%
27-Apr-20,"38,000.00","38,000.00","39,500.00","36,500.00",-,0.00%
24-Apr-20,"38,000.00","38,000.00","39,500.00","36,500.00",-,-1.30%
23-Apr-20,"38,500.00","38,500.00","40,000.00","37,000.00",-,0.00%
22-Apr-20,"38,500.00","38,500.00","40,000.00","37,000.00",-,0.00%
21-Apr-20,"38,500.00","38,500.00","40,000.00","37,000.00",-,0.00%
20-Apr-20,"38,500.00","38,500.00","40,000.00","37,000.00",-,0.00%
17-Apr-20,"38,500.00","38,500.00","40,000.00","37,000.00",-,0.00%
16-Apr-20,"38,500.00","38,500.00","40,000.00","37,000.00",-,0.00%
15-Apr-20,"38,500.00","38,500.00","40,000.00","37,000.00",-,-1.28%
14-Apr-20,"39,000.00","39,000.00","40,500.00","37,500.00",-,0.00%
13-Apr-20,"39,000.00","39,000.00","40,500.00","37,500.00",-,0.00%
10-Apr-20,"39,000.00","39,000.00","40,500.00","37,500.00",-,-1.27%
9-Apr-20,"39,500.00","39,500.00","41,000.00","38,000.00",-,0.00%
8-Apr-20,"39,500.00","39,500.00","41,000.00","38,000.00",-,0.00%
7-Apr-20,"39,500.00","39,500.00","41,000.00","38,000.00",-,0.00%
3-Apr-20,"39,500.00","39,500.00","41,000.00","38,000.00",-,-1.25%
2-Apr-20,"40,000.00","40,000.00","41,500.00","38,500.00",-,0.00%
1-Apr-20,"40,000.00","40,000.00","41,500.00","38,500.00",-,0.00%
31-Mar-20,"40,000.00","40,000.00","41,500.00","38,500.00",-,0.00%
30-Mar-20,"40,000.00","40,000.00","41,500.00","38,500.00",-,0.00%
27-Mar-20,"40,000.00","40,000.00","41,500.00","38,500.00",-,0.00%
26-Mar-20,"40,000.00","40,000.00","41,500.00","38,500.00",-,0.00%
25-Mar-20,"40,000.00","40,000.00","41,500.00","38,500.00",-,0.00%
24-Mar-20,"40,000.00","40,000.00","41,500.00","38,500.00",-,0.00%
23-Mar-20,"40,000.00","40,000.00","41,500.00","38,500.00",-,0.00%
20-Mar-20,"40,000.00","40,000.00","41,500.00","38,500.00",-,0.00%
19-Mar-20,"40,000.00","40,000.00","41,500.00","38,500.00",-,0.00%
18-Mar-20,"40,000.00","40,000.00","41,500.00","38,500.00",-,0.00%
17-Mar-20,"40,000.00","40,000.00","41,500.00","38,500.00",-,0.00%
16-Mar-20,"40,000.00","40,000.00","41,500.00","38,500.00",-,0.00%
13-Mar-20,"40,000.00","40,000.00","41,500.00","38,500.00",-,0.00%
12-Mar-20,"40,000.00","40,000.00","41,500.00","38,500.00",-,0.00%
11-Mar-20,"40,000.00","40,000.00","41,500.00","38,500.00",-,0.00%
10-Mar-20,"40,000.00","40,000.00","41,500.00","38,500.00",-,0.00%
9-Mar-20,"40,000.00","40,000.00","41,500.00","38,500.00",-,0.00%
6-Mar-20,"40,000.00","40,000.00","41,500.00","38,500.00",-,0.00%
5-Mar-20,"40,000.00","40,000.00","41,500.00","38,500.00",-,0.00%
4-Mar-20,"40,000.00","40,000.00","41,500.00","38,500.00",-,0.00%
3-Mar-20,"40,000.00","40,000.00","41,500.00","38,500.00",-,0.00%
2-Mar-20,"40,000.00","40,000.00","41,500.00","38,500.00",-,0.00%
28-Feb-20,"40,000.00","40,000.00","41,500.00","38,500.00",-,1.27%
27-Feb-20,"39,500.00","39,500.00","41,000.00","38,000.00",-,0.00%
26-Feb-20,"39,500.00","39,500.00","41,000.00","38,000.00",-,0.00%
25-Feb-20,"39,500.00","39,500.00","41,000.00","38,000.00",-,1.28%
24-Feb-20,"39,000.00","39,000.00","40,500.00","37,500.00",-,0.00%
21-Feb-20,"39,000.00","39,000.00","40,500.00","37,500.00",-,0.00%
20-Feb-20,"39,000.00","39,000.00","40,500.00","37,500.00",-,0.00%
19-Feb-20,"39,000.00","39,000.00","40,500.00","37,500.00",-,0.00%
18-Feb-20,"39,000.00","39,000.00","40,500.00","37,500.00",-,0.00%
17-Feb-20,"39,000.00","39,000.00","40,500.00","37,500.00",-,1.30%
14-Feb-20,"38,500.00","38,500.00","40,000.00","37,000.00",-,0.00%
13-Feb-20,"38,500.00","38,500.00","40,000.00","37,000.00",-,0.00%
12-Feb-20,"38,500.00","38,500.00","40,000.00","37,000.00",-,0.00%
11-Feb-20,"38,500.00","38,500.00","40,000.00","37,000.00",-,0.00%
10-Feb-20,"38,500.00","38,500.00","40,000.00","37,000.00",-,0.00%
7-Feb-20,"38,500.00","38,500.00","40,000.00","37,000.00",-,0.00%
6-Feb-20,"38,500.00","38,500.00","40,000.00","37,000.00",-,0.00%
5-Feb-20,"38,500.00","38,500.00","40,000.00","37,000.00",-,0.00%
4-Feb-20,"38,500.00","38,500.00","40,000.00","37,000.00",-,0.00%
3-Feb-20,"38,500.00","38,500.00","40,000.00","37,000.00",-,0.00%
21-Jan-20,"38,500.00","38,500.00","40,000.00","37,000.00",-,0.00%
20-Jan-20,"38,500.00","38,500.00","40,000.00","37,000.00",-,0.00%
17-Jan-20,"38,500.00","38,500.00","40,000.00","37,000.00",-,0.00%
16-Jan-20,"38,500.00","38,500.00","40,000.00","37,000.00",-,0.00%
15-Jan-20,"38,500.00","38,500.00","40,000.00","37,000.00",-,0.00%
14-Jan-20,"38,500.00","38,500.00","40,000.00","37,000.00",-,0.00%
13-Jan-20,"38,500.00","38,500.00","40,000.00","37,000.00",-,0.00%
10-Jan-20,"38,500.00","38,500.00","40,000.00","37,000.00",-,-2.53%
9-Jan-20,"39,500.00","39,500.00","41,000.00","38,000.00",-,0.00%
8-Jan-20,"39,500.00","39,500.00","41,000.00","38,000.00",-,0.00%
7-Jan-20,"39,500.00","39,500.00","41,000.00","38,000.00",-,0.00%
6-Jan-20,"39,500.00","39,500.00","41,000.00","38,000.00",-,0.00%
3-Jan-20,"39,500.00","39,500.00","41,000.00","38,000.00",-,0.00%
2-Jan-20,"39,500.00","39,500.00","41,000.00","38,000.00",-,0.00%
31-Dec-19,"39,500.00","39,500.00","41,000.00","38,000.00",-,0.00%
30-Dec-19,"39,500.00","39,500.00","41,000.00","38,000.00",-,0.00%
27-Dec-19,"39,500.00","39,500.00","41,000.00","38,000.00",-,-2.47%
26-Dec-19,"40,500.00","40,500.00","42,000.00","39,000.00",-,0.00%
25-Dec-19,"40,500.00","40,500.00","42,000.00","39,000.00",-,0.00%
24-Dec-19,"40,500.00","40,500.00","42,000.00","39,000.00",-,-2.41%
23-Dec-19,"41,500.00","41,500.00","43,000.00","40,000.00",-,0.00%
20-Dec-19,"41,500.00","41,500.00","43,000.00","40,000.00",-,0.00%
19-Dec-19,"41,500.00","41,500.00","43,000.00","40,000.00",-,0.00%
18-Dec-19,"41,500.00","41,500.00","43,000.00","40,000.00",-,0.00%
17-Dec-19,"41,500.00","41,500.00","43,000.00","40,000.00",-,-1.19%
16-Dec-19,"42,000.00","42,000.00","43,500.00","40,500.00",-,0.00%
13-Dec-19,"42,000.00","42,000.00","43,500.00","40,500.00",-,-1.18%
12-Dec-19,"42,500.00","42,500.00","44,000.00","41,000.00",-,0.00%
11-Dec-19,"42,500.00","42,500.00","44,000.00","41,000.00",-,0.00%
10-Dec-19,"42,500.00","42,500.00","44,000.00","41,000.00",-,-1.16%
9-Dec-19,"43,000.00","43,000.00","44,500.00","41,500.00",-,-1.15%
6-Dec-19,"43,500.00","43,500.00","45,000.00","42,000.00",-,-1.14%
5-Dec-19,"44,000.00","44,000.00","45,500.00","42,500.00",-,-1.12%
4-Dec-19,"44,500.00","44,500.00","46,000.00","43,000.00",-,-1.11%
3-Dec-19,"45,000.00","45,000.00","46,500.00","43,500.00",-,-2.17%
2-Dec-19,"46,000.00","46,000.00","47,500.00","44,500.00",-,0.00%
29-Nov-19,"46,000.00","46,000.00","47,500.00","44,500.00",-,-1.08%
28-Nov-19,"46,500.00","46,500.00","48,000.00","45,000.00",-,0.00%
27-Nov-19,"46,500.00","46,500.00","48,000.00","45,000.00",-,0.00%
26-Nov-19,"46,500.00","46,500.00","48,000.00","45,000.00",-,0.00%
25-Nov-19,"46,500.00","46,500.00","48,000.00","45,000.00",-,-1.06%
22-Nov-19,"47,000.00","47,000.00","48,500.00","45,500.00",-,0.00%
21-Nov-19,"47,000.00","47,000.00","48,500.00","45,500.00",-,0.00%
20-Nov-19,"47,000.00","47,000.00","48,500.00","45,500.00",-,-1.05%
19-Nov-19,"47,500.00","47,500.00","49,000.00","46,000.00",-,0.00%
18-Nov-19,"47,500.00","47,500.00","49,000.00","46,000.00",-,-1.04%
15-Nov-19,"48,000.00","48,000.00","49,500.00","46,500.00",-,-1.03%
14-Nov-19,"48,500.00","48,500.00","50,000.00","47,000.00",-,0.00%
13-Nov-19,"48,500.00","48,500.00","50,000.00","47,000.00",-,0.00%
12-Nov-19,"48,500.00","48,500.00","50,000.00","47,000.00",-,0.00%
11-Nov-19,"48,500.00","48,500.00","50,000.00","47,000.00",-,0.00%
8-Nov-19,"48,500.00","48,500.00","50,000.00","47,000.00",-,0.00%
7-Nov-19,"48,500.00","48,500.00","50,000.00","47,000.00",-,0.00%
6-Nov-19,"48,500.00","48,500.00","50,000.00","47,000.00",-,0.00%
5-Nov-19,"48,500.00","48,500.00","50,000.00","47,000.00",-,0.00%
4-Nov-19,"48,500.00","48,500.00","50,000.00","47,000.00",-,0.00%
1-Nov-19,"48,500.00","48,500.00","50,000.00","47,000.00",-,0.00%
31-Oct-19,"48,500.00","48,500.00","50,000.00","47,000.00",-,0.00%
30-Oct-19,"48,500.00","48,500.00","50,000.00","47,000.00",-,0.00%
29-Oct-19,"48,500.00","48,500.00","50,000.00","47,000.00",-,-1.02%
28-Oct-19,"49,000.00","49,000.00","50,500.00","47,500.00",-,-1.01%
25-Oct-19,"49,500.00","49,500.00","51,000.00","48,000.00",-,0.00%
24-Oct-19,"49,500.00","49,500.00","51,000.00","48,000.00",-,0.00%
23-Oct-19,"49,500.00","49,500.00","51,000.00","48,000.00",-,0.00%
22-Oct-19,"49,500.00","49,500.00","51,000.00","48,000.00",-,0.00%
21-Oct-19,"49,500.00","49,500.00","51,000.00","48,000.00",-,0.00%
18-Oct-19,"49,500.00","49,500.00","51,000.00","48,000.00",-,0.00%
17-Oct-19,"49,500.00","49,500.00","51,000.00","48,000.00",-,0.00%
16-Oct-19,"49,500.00","49,500.00","51,000.00","48,000.00",-,0.00%
15-Oct-19,"49,500.00","49,500.00","51,000.00","48,000.00",-,0.00%
14-Oct-19,"49,500.00","49,500.00","51,000.00","48,000.00",-,0.00%
11-Oct-19,"49,500.00","49,500.00","51,000.00","48,000.00",-,0.00%
10-Oct-19,"49,500.00","49,500.00","51,000.00","48,000.00",-,0.00%
9-Oct-19,"49,500.00","49,500.00","51,000.00","48,000.00",-,0.00%
8-Oct-19,"49,500.00","49,500.00","51,000.00","48,000.00",-,0.00%
27-Sep-19,"49,500.00","49,500.00","51,000.00","48,000.00",-,0.00%
26-Sep-19,"49,500.00","49,500.00","51,000.00","48,000.00",-,0.00%
25-Sep-19,"49,500.00","49,500.00","51,000.00","48,000.00",-,0.00%
24-Sep-19,"49,500.00","49,500.00","51,000.00","48,000.00",-,0.00%
23-Sep-19,"49,500.00","49,500.00","51,000.00","48,000.00",-,0.00%
20-Sep-19,"49,500.00","49,500.00","51,000.00","48,000.00",-,0.00%
19-Sep-19,"49,500.00","49,500.00","51,000.00","48,000.00",-,0.00%
18-Sep-19,"49,500.00","49,500.00","51,000.00","48,000.00",-,0.00%
17-Sep-19,"49,500.00","49,500.00","51,000.00","48,000.00",-,-1.00%
16-Sep-19,"50,000.00","50,000.00","51,500.00","48,500.00",-,0.00%
12-Sep-19,"50,000.00","50,000.00","51,500.00","48,500.00",-,0.00%
11-Sep-19,"50,000.00","50,000.00","51,500.00","48,500.00",-,0.00%
10-Sep-19,"50,000.00","50,000.00","51,500.00","48,500.00",-,0.00%
9-Sep-19,"50,000.00","50,000.00","51,500.00","48,500.00",-,0.00%
6-Sep-19,"50,000.00","50,000.00","51,500.00","48,500.00",-,0.00%
5-Sep-19,"50,000.00","50,000.00","51,500.00","48,500.00",-,-2.91%
4-Sep-19,"51,500.00","51,500.00","53,000.00","50,000.00",-,0.00%
3-Sep-19,"51,500.00","51,500.00","53,000.00","50,000.00",-,-0.96%
2-Sep-19,"52,000.00","52,000.00","53,500.00","50,500.00",-,0.00%
30-Aug-19,"52,000.00","52,000.00","53,500.00","50,500.00",-,-1.89%
29-Aug-19,"53,000.00","53,000.00","54,500.00","51,500.00",-,0.00%
28-Aug-19,"53,000.00","53,000.00","54,500.00","51,500.00",-,0.00%
27-Aug-19,"53,000.00","53,000.00","54,500.00","51,500.00",-,-0.93%
26-Aug-19,"53,500.00","53,500.00","55,000.00","52,000.00",-,-1.83%
23-Aug-19,"54,500.00","54,500.00","56,000.00","53,000.00",-,-1.80%
22-Aug-19,"55,500.00","55,500.00","57,000.00","54,000.00",-,-1.77%
21-Aug-19,"56,500.00","56,500.00","58,000.00","55,000.00",-,0.00%
20-Aug-19,"56,500.00","56,500.00","58,000.00","55,000.00",-,0.00%
19-Aug-19,"56,500.00","56,500.00","58,000.00","55,000.00",-,-0.88%
16-Aug-19,"57,000.00","57,000.00","58,500.00","55,500.00",-,0.00%
15-Aug-19,"57,000.00","57,000.00","58,500.00","55,500.00",-,-1.72%
14-Aug-19,"58,000.00","58,000.00","59,500.00","56,500.00",-,0.00%
13-Aug-19,"58,000.00","58,000.00","59,500.00","56,500.00",-,-0.85%
12-Aug-19,"58,500.00","58,500.00","60,000.00","57,000.00",-,0.00%
9-Aug-19,"58,500.00","58,500.00","60,000.00","57,000.00",-,0.00%
8-Aug-19,"58,500.00","58,500.00","60,000.00","57,000.00",-,0.00%
7-Aug-19,"58,500.00","58,500.00","60,000.00","57,000.00",-,0.00%
6-Aug-19,"58,500.00","58,500.00","60,000.00","57,000.00",-,-0.85%
5-Aug-19,"59,000.00","59,000.00","60,500.00","57,500.00",-,-0.84%
2-Aug-19,"59,500.00","59,500.00","61,000.00","58,000.00",-,-1.65%
1-Aug-19,"60,500.00","60,500.00","62,000.00","59,000.00",-,0.00%
31-Jul-19,"60,500.00","60,500.00","62,000.00","59,000.00",-,0.00%
30-Jul-19,"60,500.00","60,500.00","62,000.00","59,000.00",-,0.00%
29-Jul-19,"60,500.00","60,500.00","62,000.00","59,000.00",-,-1.63%
26-Jul-19,"61,500.00","61,500.00","63,000.00","60,000.00",-,-1.60%
25-Jul-19,"62,500.00","62,500.00","64,000.00","61,000.00",-,0.00%
24-Jul-19,"62,500.00","62,500.00","64,000.00","61,000.00",-,0.00%
23-Jul-19,"62,500.00","62,500.00","64,000.00","61,000.00",-,-0.79%
22-Jul-19,"63,000.00","63,000.00","64,500.00","61,500.00",-,0.00%
19-Jul-19,"63,000.00","63,000.00","64,500.00","61,500.00",-,0.00%
18-Jul-19,"63,000.00","63,000.00","64,500.00","61,500.00",-,0.00%
17-Jul-19,"63,000.00","63,000.00","64,500.00","61,500.00",-,0.00%
16-Jul-19,"63,000.00","63,000.00","64,500.00","61,500.00",-,0.00%
15-Jul-19,"63,000.00","63,000.00","64,500.00","61,500.00",-,0.00%
12-Jul-19,"63,000.00","63,000.00","64,500.00","61,500.00",-,0.00%
11-Jul-19,"63,000.00","63,000.00","64,500.00","61,500.00",-,0.00%
10-Jul-19,"63,000.00","63,000.00","64,500.00","61,500.00",-,-0.79%
9-Jul-19,"63,500.00","63,500.00","65,000.00","62,000.00",-,0.00%
8-Jul-19,"63,500.00","63,500.00","65,000.00","62,000.00",-,0.00%
5-Jul-19,"63,500.00","63,500.00","65,000.00","62,000.00",-,-0.78%
4-Jul-19,"64,000.00","64,000.00","65,500.00","62,500.00",-,0.00%
3-Jul-19,"64,000.00","64,000.00","65,500.00","62,500.00",-,0.00%
2-Jul-19,"64,000.00","64,000.00","65,500.00","62,500.00",-,0.00%
1-Jul-19,"64,000.00","64,000.00","65,500.00","62,500.00",-,-1.54%
28-Jun-19,"65,000.00","65,000.00","66,500.00","63,500.00",-,0.00%
27-Jun-19,"65,000.00","65,000.00","66,500.00","63,500.00",-,0.00%
26-Jun-19,"65,000.00","65,000.00","66,500.00","63,500.00",-,0.00%
25-Jun-19,"65,000.00","65,000.00","66,500.00","63,500.00",-,-1.52%
24-Jun-19,"66,000.00","66,000.00","67,500.00","64,500.00",-,0.00%
21-Jun-19,"66,000.00","66,000.00","67,500.00","64,500.00",-,0.00%
20-Jun-19,"66,000.00","66,000.00","67,500.00","64,500.00",-,0.00%
19-Jun-19,"66,000.00","66,000.00","67,500.00","64,500.00",-,0.00%
18-Jun-19,"66,000.00","66,000.00","67,500.00","64,500.00",-,0.00%
17-Jun-19,"66,000.00","66,000.00","67,500.00","64,500.00",-,0.00%
14-Jun-19,"66,000.00","66,000.00","67,500.00","64,500.00",-,-0.75%
13-Jun-19,"66,500.00","66,500.00","68,000.00","65,000.00",-,0.00%
12-Jun-19,"66,500.00","66,500.00","68,000.00","65,000.00",-,0.00%
11-Jun-19,"66,500.00","66,500.00","68,000.00","65,000.00",-,0.00%
10-Jun-19,"66,500.00","66,500.00","68,000.00","65,000.00",-,0.00%
6-Jun-19,"66,500.00","66,500.00","68,000.00","65,000.00",-,0.00%
5-Jun-19,"66,500.00","66,500.00","68,000.00","65,000.00",-,0.00%
4-Jun-19,"66,500.00","66,500.00","68,000.00","65,000.00",-,0.00%
3-Jun-19,"66,500.00","66,500.00","68,000.00","65,000.00",-,0.00%
31-May-19,"66,500.00","66,500.00","68,000.00","65,000.00",-,0.00%
30-May-19,"66,500.00","66,500.00","68,000.00","65,000.00",-,0.00%
29-May-19,"66,500.00","66,500.00","68,000.00","65,000.00",-,0.00%
28-May-19,"66,500.00","66,500.00","68,000.00","65,000.00",-,0.00%
27-May-19,"66,500.00","66,500.00","68,000.00","65,000.00",-,0.00%
24-May-19,"66,500.00","66,500.00","68,000.00","65,000.00",-,0.00%
23-May-19,"66,500.00","66,500.00","68,000.00","65,000.00",-,0.00%
22-May-19,"66,500.00","66,500.00","68,000.00","65,000.00",-,0.00%
21-May-19,"66,500.00","66,500.00","68,000.00","65,000.00",-,0.00%
20-May-19,"66,500.00","66,500.00","68,000.00","65,000.00",-,0.00%
17-May-19,"66,500.00","66,500.00","68,000.00","65,000.00",-,0.00%
16-May-19,"66,500.00","66,500.00","68,000.00","65,000.00",-,0.00%
15-May-19,"66,500.00","66,500.00","68,000.00","65,000.00",-,0.00%
14-May-19,"66,500.00","66,500.00","68,000.00","65,000.00",-,0.76%
13-May-19,"66,000.00","66,000.00","67,500.00","64,500.00",-,0.00%
10-May-19,"66,000.00","66,000.00","67,500.00","64,500.00",-,0.00%
9-May-19,"66,000.00","66,000.00","67,500.00","64,500.00",-,0.00%
8-May-19,"66,000.00","66,000.00","67,500.00","64,500.00",-,0.00%
7-May-19,"66,000.00","66,000.00","67,500.00","64,500.00",-,0.76%
6-May-19,"65,500.00","65,500.00","67,000.00","64,000.00",-,0.00%
30-Apr-19,"65,500.00","65,500.00","67,000.00","64,000.00",-,0.00%
29-Apr-19,"65,500.00","65,500.00","67,000.00","64,000.00",-,0.77%
26-Apr-19,"65,000.00","65,000.00","66,500.00","63,500.00",-,0.00%
25-Apr-19,"65,000.00","65,000.00","66,500.00","63,500.00",-,0.00%
24-Apr-19,"65,000.00","65,000.00","66,500.00","63,500.00",-,0.00%
23-Apr-19,"65,000.00","65,000.00","66,500.00","63,500.00",-,0.78%
22-Apr-19,"64,500.00","64,500.00","66,000.00","63,000.00",-,0.00%
19-Apr-19,"64,500.00","64,500.00","66,000.00","63,000.00",-,0.00%
18-Apr-19,"64,500.00","64,500.00","66,000.00","63,000.00",-,0.00%
17-Apr-19,"64,500.00","64,500.00","66,000.00","63,000.00",-,0.00%
16-Apr-19,"64,500.00","64,500.00","66,000.00","63,000.00",-,0.00%
15-Apr-19,"64,500.00","64,500.00","66,000.00","63,000.00",-,0.00%
12-Apr-19,"64,500.00","64,500.00","66,000.00","63,000.00",-,0.00%
11-Apr-19,"64,500.00","64,500.00","66,000.00","63,000.00",-,0.00%
10-Apr-19,"64,500.00","64,500.00","66,000.00","63,000.00",-,0.00%
9-Apr-19,"64,500.00","64,500.00","66,000.00","63,000.00",-,-0.77%
8-Apr-19,"65,000.00","65,000.00","66,500.00","63,500.00",-,0.00%
4-Apr-19,"65,000.00","65,000.00","66,500.00","63,500.00",-,0.00%
3-Apr-19,"65,000.00","65,000.00","66,500.00","63,500.00",-,0.00%
2-Apr-19,"65,000.00","65,000.00","66,500.00","63,500.00",-,0.00%
1-Apr-19,"65,000.00","65,000.00","66,500.00","63,500.00",-,-0.76%
29-Mar-19,"65,500.00","65,500.00","67,000.00","64,000.00",-,0.00%
28-Mar-19,"65,500.00","65,500.00","67,000.00","64,000.00",-,0.00%
27-Mar-19,"65,500.00","65,500.00","67,000.00","64,000.00",-,0.00%
26-Mar-19,"65,500.00","65,500.00","67,000.00","64,000.00",-,0.00%
25-Mar-19,"65,500.00","65,500.00","67,000.00","64,000.00",-,0.00%
22-Mar-19,"65,500.00","65,500.00","67,000.00","64,000.00",-,0.00%
21-Mar-19,"65,500.00","65,500.00","67,000.00","64,000.00",-,0.00%
20-Mar-19,"65,500.00","65,500.00","67,000.00","64,000.00",-,0.00%
19-Mar-19,"65,500.00","65,500.00","67,000.00","64,000.00",-,0.00%
18-Mar-19,"65,500.00","65,500.00","67,000.00","64,000.00",-,0.00%
15-Mar-19,"65,500.00","65,500.00","67,000.00","64,000.00",-,0.00%
14-Mar-19,"65,500.00","65,500.00","67,000.00","64,000.00",-,0.00%
13-Mar-19,"65,500.00","65,500.00","67,000.00","64,000.00",-,0.00%
12-Mar-19,"65,500.00","65,500.00","67,000.00","64,000.00",-,-1.50%
11-Mar-19,"66,500.00","66,500.00","68,000.00","65,000.00",-,0.00%
8-Mar-19,"66,500.00","66,500.00","68,000.00","65,000.00",-,-1.48%
7-Mar-19,"67,500.00","67,500.00","69,000.00","66,000.00",-,0.00%
6-Mar-19,"67,500.00","67,500.00","69,000.00","66,000.00",-,0.00%
5-Mar-19,"67,500.00","67,500.00","69,000.00","66,000.00",-,0.00%
4-Mar-19,"67,500.00","67,500.00","69,000.00","66,000.00",-,0.00%
1-Mar-19,"67,500.00","67,500.00","69,000.00","66,000.00",-,-1.46%
28-Feb-19,"68,500.00","68,500.00","70,000.00","67,000.00",-,0.00%
27-Feb-19,"68,500.00","68,500.00","70,000.00","67,000.00",-,0.00%
26-Feb-19,"68,500.00","68,500.00","70,000.00","67,000.00",-,0.00%
25-Feb-19,"68,500.00","68,500.00","70,000.00","67,000.00",-,0.00%
22-Feb-19,"68,500.00","68,500.00","70,000.00","67,000.00",-,0.00%
21-Feb-19,"68,500.00","68,500.00","70,000.00","67,000.00",-,0.00%
20-Feb-19,"68,500.00","68,500.00","70,000.00","67,000.00",-,0.00%
19-Feb-19,"68,500.00","68,500.00","70,000.00","67,000.00",-,1.48%
18-Feb-19,"67,500.00","67,500.00","69,000.00","66,000.00",-,0.00%
15-Feb-19,"67,500.00","67,500.00","69,000.00","66,000.00",-,0.00%
14-Feb-19,"67,500.00","67,500.00","69,000.00","66,000.00",-,0.00%
13-Feb-19,"67,500.00","67,500.00","69,000.00","66,000.00",-,0.00%
12-Feb-19,"67,500.00","67,500.00","69,000.00","66,000.00",-,0.00%
11-Feb-19,"67,500.00","67,500.00","69,000.00","66,000.00",-,0.00%
1-Feb-19,"67,500.00","67,500.00","69,000.00","66,000.00",-,0.00%
31-Jan-19,"67,500.00","67,500.00","69,000.00","66,000.00",-,0.00%
30-Jan-19,"67,500.00","67,500.00","69,000.00","66,000.00",-,0.00%
29-Jan-19,"67,500.00","67,500.00","69,000.00","66,000.00",-,0.00%
28-Jan-19,"67,500.00","67,500.00","69,000.00","66,000.00",-,0.00%
25-Jan-19,"67,500.00","67,500.00","69,000.00","66,000.00",-,0.00%
24-Jan-19,"67,500.00","67,500.00","69,000.00","66,000.00",-,0.00%
23-Jan-19,"67,500.00","67,500.00","69,000.00","66,000.00",-,0.00%
22-Jan-19,"67,500.00","67,500.00","69,000.00","66,000.00",-,0.00%
21-Jan-19,"67,500.00","67,500.00","69,000.00","66,000.00",-,0.00%
18-Jan-19,"67,500.00","67,500.00","69,000.00","66,000.00",-,0.00%
17-Jan-19,"67,500.00","67,500.00","69,000.00","66,000.00",-,0.00%
16-Jan-19,"67,500.00","67,500.00","69,000.00","66,000.00",-,0.00%
15-Jan-19,"67,500.00","67,500.00","69,000.00","66,000.00",-,-1.46%
14-Jan-19,"68,500.00","68,500.00","70,000.00","67,000.00",-,0.00%
11-Jan-19,"68,500.00","68,500.00","70,000.00","67,000.00",-,0.00%
10-Jan-19,"68,500.00","68,500.00","70,000.00","67,000.00",-,0.00%
9-Jan-19,"68,500.00","68,500.00","70,000.00","67,000.00",-,0.00%
8-Jan-19,"68,500.00","68,500.00","70,000.00","67,000.00",-,0.00%
7-Jan-19,"68,500.00","68,500.00","70,000.00","67,000.00",-,0.00%
3-Jan-19,"68,500.00","68,500.00","70,000.00","67,000.00",-,0.00%
2-Jan-19,"68,500.00","68,500.00","70,000.00","67,000.00",-,0.00%
28-Dec-18,"68,500.00","68,500.00","70,000.00","67,000.00",-,0.00%
27-Dec-18,"68,500.00","68,500.00","70,000.00","67,000.00",-,0.00%
26-Dec-18,"68,500.00","68,500.00","70,000.00","67,000.00",-,0.00%
25-Dec-18,"68,500.00","68,500.00","70,000.00","67,000.00",-,0.00%
24-Dec-18,"68,500.00","68,500.00","70,000.00","67,000.00",-,-1.44%
21-Dec-18,"69,500.00","69,500.00","71,000.00","68,000.00",-,0.00%
20-Dec-18,"69,500.00","69,500.00","71,000.00","68,000.00",-,0.00%
19-Dec-18,"69,500.00","69,500.00","71,000.00","68,000.00",-,-0.71%
18-Dec-18,"70,000.00","70,000.00","72,000.00","68,000.00",-,0.00%
17-Dec-18,"70,000.00","70,000.00","72,000.00","68,000.00",-,0.00%
14-Dec-18,"70,000.00","70,000.00","72,000.00","68,000.00",-,0.00%
13-Dec-18,"70,000.00","70,000.00","72,000.00","68,000.00",-,0.00%
12-Dec-18,"70,000.00","70,000.00","72,000.00","68,000.00",-,0.00%
11-Dec-18,"70,000.00","70,000.00","72,000.00","68,000.00",-,0.00%
10-Dec-18,"70,000.00","70,000.00","72,000.00","68,000.00",-,0.00%
7-Dec-18,"70,000.00","70,000.00","72,000.00","68,000.00",-,0.00%
6-Dec-18,"70,000.00","70,000.00","72,000.00","68,000.00",-,0.00%
5-Dec-18,"70,000.00","70,000.00","72,000.00","68,000.00",-,0.00%
4-Dec-18,"70,000.00","70,000.00","72,000.00","68,000.00",-,0.00%
3-Dec-18,"70,000.00","70,000.00","72,000.00","68,000.00",-,0.00%
30-Nov-18,"70,000.00","70,000.00","72,000.00","68,000.00",-,0.00%
29-Nov-18,"70,000.00","70,000.00","72,000.00","68,000.00",-,0.00%
28-Nov-18,"70,000.00","70,000.00","72,000.00","68,000.00",-,0.00%
27-Nov-18,"70,000.00","70,000.00","72,000.00","68,000.00",-,0.00%
26-Nov-18,"70,000.00","70,000.00","72,000.00","68,000.00",-,0.00%
23-Nov-18,"70,000.00","70,000.00","72,000.00","68,000.00",-,0.00%
22-Nov-18,"70,000.00","70,000.00","72,000.00","68,000.00",-,0.00%
21-Nov-18,"70,000.00","70,000.00","72,000.00","68,000.00",-,0.00%
20-Nov-18,"70,000.00","70,000.00","72,000.00","68,000.00",-,0.00%
19-Nov-18,"70,000.00","70,000.00","72,000.00","68,000.00",-,0.00%
16-Nov-18,"70,000.00","70,000.00","72,000.00","68,000.00",-,0.00%
15-Nov-18,"70,000.00","70,000.00","72,000.00","68,000.00",-,0.00%
14-Nov-18,"70,000.00","70,000.00","72,000.00","68,000.00",-,0.00%
13-Nov-18,"70,000.00","70,000.00","72,000.00","68,000.00",-,0.00%
12-Nov-18,"70,000.00","70,000.00","72,000.00","68,000.00",-,0.00%
9-Nov-18,"70,000.00","70,000.00","72,000.00","68,000.00",-,0.00%
8-Nov-18,"70,000.00","70,000.00","72,000.00","68,000.00",-,0.00%
7-Nov-18,"70,000.00","70,000.00","72,000.00","68,000.00",-,0.00%
6-Nov-18,"70,000.00","70,000.00","72,000.00","68,000.00",-,0.00%
5-Nov-18,"70,000.00","70,000.00","72,000.00","68,000.00",-,0.00%
2-Nov-18,"70,000.00","70,000.00","72,000.00","68,000.00",-,0.00%
1-Nov-18,"70,000.00","70,000.00","72,000.00","68,000.00",-,1.45%
31-Oct-18,"69,000.00","69,000.00","71,000.00","67,000.00",-,0.00%
30-Oct-18,"69,000.00","69,000.00","71,000.00","67,000.00",-,1.47%
29-Oct-18,"68,000.00","68,000.00","70,000.00","66,000.00",-,0.00%
26-Oct-18,"68,000.00","68,000.00","70,000.00","66,000.00",-,0.00%
25-Oct-18,"68,000.00","68,000.00","70,000.00","66,000.00",-,0.00%
24-Oct-18,"68,000.00","68,000.00","70,000.00","66,000.00",-,0.00%
23-Oct-18,"68,000.00","68,000.00","70,000.00","66,000.00",-,0.00%
22-Oct-18,"68,000.00","68,000.00","70,000.00","66,000.00",-,0.00%
19-Oct-18,"68,000.00","68,000.00","70,000.00","66,000.00",-,0.00%
18-Oct-18,"68,000.00","68,000.00","70,000.00","66,000.00",-,0.00%
17-Oct-18,"68,000.00","68,000.00","70,000.00","66,000.00",-,0.00%
16-Oct-18,"68,000.00","68,000.00","70,000.00","66,000.00",-,0.00%
15-Oct-18,"68,000.00","68,000.00","70,000.00","66,000.00",-,0.00%
12-Oct-18,"68,000.00","68,000.00","70,000.00","66,000.00",-,0.00%
11-Oct-18,"68,000.00","68,000.00","70,000.00","66,000.00",-,0.00%
10-Oct-18,"68,000.00","68,000.00","70,000.00","66,000.00",-,-2.16%
9-Oct-18,"69,500.00","69,500.00","72,000.00","67,000.00",-,-2.11%
8-Oct-18,"71,000.00","71,000.00","74,000.00","68,000.00",-,0.00%
28-Sep-18,"71,000.00","71,000.00","74,000.00","68,000.00",-,0.00%
27-Sep-18,"71,000.00","71,000.00","74,000.00","68,000.00",-,0.00%
26-Sep-18,"71,000.00","71,000.00","74,000.00","68,000.00",-,0.00%
25-Sep-18,"71,000.00","71,000.00","74,000.00","68,000.00",-,0.00%
21-Sep-18,"71,000.00","71,000.00","74,000.00","68,000.00",-,0.00%
20-Sep-18,"71,000.00","71,000.00","74,000.00","68,000.00",-,-2.07%
19-Sep-18,"72,500.00","72,500.00","76,000.00","69,000.00",-,0.00%
18-Sep-18,"72,500.00","72,500.00","76,000.00","69,000.00",-,-1.36%
17-Sep-18,"73,500.00","73,500.00","77,000.00","70,000.00",-,-1.34%
14-Sep-18,"74,500.00","74,500.00","78,000.00","71,000.00",-,0.00%
13-Sep-18,"74,500.00","74,500.00","78,000.00","71,000.00",-,0.00%
12-Sep-18,"74,500.00","74,500.00","78,000.00","71,000.00",-,0.00%
11-Sep-18,"74,500.00","74,500.00","78,000.00","71,000.00",-,0.00%
10-Sep-18,"74,500.00","74,500.00","78,000.00","71,000.00",-,0.00%
7-Sep-18,"74,500.00","74,500.00","78,000.00","71,000.00",-,0.00%
6-Sep-18,"74,500.00","74,500.00","78,000.00","71,000.00",-,0.00%
5-Sep-18,"74,500.00","74,500.00","78,000.00","71,000.00",-,0.00%
4-Sep-18,"74,500.00","74,500.00","78,000.00","71,000.00",-,0.00%
3-Sep-18,"74,500.00","74,500.00","78,000.00","71,000.00",-,0.00%
31-Aug-18,"74,500.00","74,500.00","78,000.00","71,000.00",-,0.00%
30-Aug-18,"74,500.00","74,500.00","78,000.00","71,000.00",-,0.00%
29-Aug-18,"74,500.00","74,500.00","78,000.00","71,000.00",-,0.00%
28-Aug-18,"74,500.00","74,500.00","78,000.00","71,000.00",-,-2.61%
27-Aug-18,"76,500.00","76,500.00","80,000.00","73,000.00",-,-2.55%
24-Aug-18,"78,500.00","78,500.00","82,000.00","75,000.00",-,0.00%
23-Aug-18,"78,500.00","78,500.00","82,000.00","75,000.00",-,-1.26%
22-Aug-18,"79,500.00","79,500.00","83,000.00","76,000.00",-,0.00%
21-Aug-18,"79,500.00","79,500.00","83,000.00","76,000.00",-,0.00%
20-Aug-18,"79,500.00","79,500.00","83,000.00","76,000.00",-,0.00%
17-Aug-18,"79,500.00","79,500.00","83,000.00","76,000.00",-,0.00%
16-Aug-18,"79,500.00","79,500.00","83,000.00","76,000.00",-,0.00%
15-Aug-18,"79,500.00","79,500.00","83,000.00","76,000.00",-,-1.24%
14-Aug-18,"80,500.00","80,500.00","84,000.00","77,000.00",-,-2.42%
13-Aug-18,"82,500.00","82,500.00","86,000.00","79,000.00",-,-1.20%
10-Aug-18,"83,500.00","83,500.00","87,000.00","80,000.00",-,0.00%
9-Aug-18,"83,500.00","83,500.00","87,000.00","80,000.00",-,0.00%
8-Aug-18,"83,500.00","83,500.00","87,000.00","80,000.00",-,0.00%
7-Aug-18,"83,500.00","83,500.00","87,000.00","80,000.00",-,0.00%
6-Aug-18,"83,500.00","83,500.00","87,000.00","80,000.00",-,-1.18%
3-Aug-18,"84,500.00","84,500.00","88,000.00","81,000.00",-,-1.17%
2-Aug-18,"85,500.00","85,500.00","89,000.00","82,000.00",-,-2.29%
1-Aug-18,"87,500.00","87,500.00","91,000.00","84,000.00",-,-2.23%
31-Jul-18,"89,500.00","89,500.00","93,000.00","86,000.00",-,0.00%
30-Jul-18,"89,500.00","89,500.00","93,000.00","86,000.00",-,0.00%
27-Jul-18,"89,500.00","89,500.00","93,000.00","86,000.00",-,-2.19%
26-Jul-18,"91,500.00","91,500.00","95,000.00","88,000.00",-,0.00%
25-Jul-18,"91,500.00","91,500.00","95,000.00","88,000.00",-,0.00%
24-Jul-18,"91,500.00","91,500.00","95,000.00","88,000.00",-,-2.14%
23-Jul-18,"93,500.00","93,500.00","97,000.00","90,000.00",-,-2.09%
20-Jul-18,"95,500.00","95,500.00","99,000.00","92,000.00",-,0.00%
19-Jul-18,"95,500.00","95,500.00","99,000.00","92,000.00",-,0.00%
18-Jul-18,"95,500.00","95,500.00","99,000.00","92,000.00",-,0.00%
17-Jul-18,"95,500.00","95,500.00","99,000.00","92,000.00",-,0.00%
16-Jul-18,"95,500.00","95,500.00","99,000.00","92,000.00",-,0.00%
13-Jul-18,"95,500.00","95,500.00","99,000.00","92,000.00",-,0.00%
12-Jul-18,"95,500.00","95,500.00","99,000.00","92,000.00",-,0.00%
11-Jul-18,"95,500.00","95,500.00","99,000.00","92,000.00",-,0.00%
10-Jul-18,"95,500.00","95,500.00","99,000.00","92,000.00",-,-2.05%
9-Jul-18,"97,500.00","97,500.00","101,000.00","94,000.00",-,0.00%
6-Jul-18,"97,500.00","97,500.00","101,000.00","94,000.00",-,0.00%
5-Jul-18,"97,500.00","97,500.00","101,000.00","94,000.00",-,-2.01%
4-Jul-18,"99,500.00","99,500.00","103,000.00","96,000.00",-,-2.93%
3-Jul-18,"102,500.00","102,500.00","106,000.00","99,000.00",-,0.00%
2-Jul-18,"102,500.00","102,500.00","106,000.00","99,000.00",-,0.00%
29-Jun-18,"102,500.00","102,500.00","106,000.00","99,000.00",-,0.00%
28-Jun-18,"102,500.00","102,500.00","106,000.00","99,000.00",-,0.00%
27-Jun-18,"102,500.00","102,500.00","106,000.00","99,000.00",-,-1.91%
26-Jun-18,"104,500.00","104,500.00","108,000.00","101,000.00",-,0.00%
25-Jun-18,"104,500.00","104,500.00","108,000.00","101,000.00",-,0.00%
22-Jun-18,"104,500.00","104,500.00","108,000.00","101,000.00",-,0.00%
21-Jun-18,"104,500.00","104,500.00","108,000.00","101,000.00",-,0.00%
20-Jun-18,"104,500.00","104,500.00","108,000.00","101,000.00",-,-2.79%
19-Jun-18,"107,500.00","107,500.00","111,000.00","104,000.00",-,-2.71%
15-Jun-18,"110,500.00","110,500.00","114,000.00","107,000.00",-,-2.64%
14-Jun-18,"113,500.00","113,500.00","117,000.00","110,000.00",-,0.00%
13-Jun-18,"113,500.00","113,500.00","117,000.00","110,000.00",-,0.00%
12-Jun-18,"113,500.00","113,500.00","117,000.00","110,000.00",-,0.00%
11-Jun-18,"113,500.00","113,500.00","117,000.00","110,000.00",-,0.00%
8-Jun-18,"113,500.00","113,500.00","117,000.00","110,000.00",-,-1.73%
7-Jun-18,"115,500.00","115,500.00","119,000.00","112,000.00",-,0.00%
6-Jun-18,"115,500.00","115,500.00","119,000.00","112,000.00",-,-2.53%
5-Jun-18,"118,500.00","118,500.00","122,000.00","115,000.00",-,-2.47%
4-Jun-18,"121,500.00","121,500.00","125,000.00","118,000.00",-,0.00%
1-Jun-18,"121,500.00","121,500.00","125,000.00","118,000.00",-,0.00%
31-May-18,"121,500.00","121,500.00","125,000.00","118,000.00",-,-1.62%
30-May-18,"123,500.00","123,500.00","127,000.00","120,000.00",-,-1.59%
29-May-18,"125,500.00","125,500.00","129,000.00","122,000.00",-,-2.33%
28-May-18,"128,500.00","128,500.00","132,000.00","125,000.00",-,-2.28%
25-May-18,"131,500.00","131,500.00","135,000.00","128,000.00",-,0.00%
24-May-18,"131,500.00","131,500.00","135,000.00","128,000.00",-,0.00%
23-May-18,"131,500.00","131,500.00","135,000.00","128,000.00",-,0.00%
22-May-18,"131,500.00","131,500.00","135,000.00","128,000.00",-,0.00%
21-May-18,"131,500.00","131,500.00","135,000.00","128,000.00",-,0.00%
18-May-18,"131,500.00","131,500.00","135,000.00","128,000.00",-,0.00%
17-May-18,"131,500.00","131,500.00","135,000.00","128,000.00",-,0.00%
16-May-18,"131,500.00","131,500.00","135,000.00","128,000.00",-,0.00%
15-May-18,"131,500.00","131,500.00","135,000.00","128,000.00",-,0.00%
14-May-18,"131,500.00","131,500.00","135,000.00","128,000.00",-,0.00%
11-May-18,"131,500.00","131,500.00","135,000.00","128,000.00",-,0.00%
10-May-18,"131,500.00","131,500.00","135,000.00","128,000.00",-,0.00%
9-May-18,"131,500.00","131,500.00","135,000.00","128,000.00",-,0.00%
8-May-18,"131,500.00","131,500.00","135,000.00","128,000.00",-,0.00%
7-May-18,"131,500.00","131,500.00","135,000.00","128,000.00",-,0.00%
4-May-18,"131,500.00","131,500.00","135,000.00","128,000.00",-,0.00%
3-May-18,"131,500.00","131,500.00","135,000.00","128,000.00",-,-0.75%
2-May-18,"132,500.00","132,500.00","136,000.00","129,000.00",-,-0.75%
27-Apr-18,"133,500.00","133,500.00","137,000.00","130,000.00",-,0.00%
26-Apr-18,"133,500.00","133,500.00","137,000.00","130,000.00",-,0.00%
25-Apr-18,"133,500.00","133,500.00","137,000.00","130,000.00",-,0.00%
24-Apr-18,"133,500.00","133,500.00","137,000.00","130,000.00",-,-0.74%
23-Apr-18,"134,500.00","134,500.00","138,000.00","131,000.00",-,0.00%
20-Apr-18,"134,500.00","134,500.00","138,000.00","131,000.00",-,0.00%
19-Apr-18,"134,500.00","134,500.00","138,000.00","131,000.00",-,0.00%
18-Apr-18,"134,500.00","134,500.00","138,000.00","131,000.00",-,0.00%
17-Apr-18,"134,500.00","134,500.00","138,000.00","131,000.00",-,-0.74%
16-Apr-18,"135,500.00","135,500.00","139,000.00","132,000.00",-,-2.17%
13-Apr-18,"138,500.00","138,500.00","142,000.00","135,000.00",-,0.00%
12-Apr-18,"138,500.00","138,500.00","142,000.00","135,000.00",-,0.00%
11-Apr-18,"138,500.00","138,500.00","142,000.00","135,000.00",-,0.00%
10-Apr-18,"138,500.00","138,500.00","142,000.00","135,000.00",-,-0.72%
9-Apr-18,"139,500.00","139,500.00","143,000.00","136,000.00",-,-0.71%
4-Apr-18,"140,500.00","140,500.00","144,000.00","137,000.00",-,-1.40%
3-Apr-18,"142,500.00","142,500.00","146,000.00","139,000.00",-,-1.38%
2-Apr-18,"144,500.00","144,500.00","148,000.00","141,000.00",-,0.00%
30-Mar-18,"144,500.00","144,500.00","148,000.00","141,000.00",-,0.00%
29-Mar-18,"144,500.00","144,500.00","148,000.00","141,000.00",-,0.00%
28-Mar-18,"144,500.00","144,500.00","148,000.00","141,000.00",-,0.00%
27-Mar-18,"144,500.00","144,500.00","148,000.00","141,000.00",-,0.00%
26-Mar-18,"144,500.00","144,500.00","148,000.00","141,000.00",-,0.00%
23-Mar-18,"144,500.00","144,500.00","148,000.00","141,000.00",-,0.00%
22-Mar-18,"144,500.00","144,500.00","148,000.00","141,000.00",-,0.00%
21-Mar-18,"144,500.00","144,500.00","148,000.00","141,000.00",-,0.00%
20-Mar-18,"144,500.00","144,500.00","148,000.00","141,000.00",-,0.00%
19-Mar-18,"144,500.00","144,500.00","148,000.00","141,000.00",-,0.00%
16-Mar-18,"144,500.00","144,500.00","148,000.00","141,000.00",-,0.00%
15-Mar-18,"144,500.00","144,500.00","148,000.00","141,000.00",-,0.00%
14-Mar-18,"144,500.00","144,500.00","148,000.00","141,000.00",-,0.00%
13-Mar-18,"144,500.00","144,500.00","148,000.00","141,000.00",-,0.00%
12-Mar-18,"144,500.00","144,500.00","148,000.00","141,000.00",-,0.00%
9-Mar-18,"144,500.00","144,500.00","148,000.00","141,000.00",-,0.00%
8-Mar-18,"144,500.00","144,500.00","148,000.00","141,000.00",-,0.00%
7-Mar-18,"144,500.00","144,500.00","148,000.00","141,000.00",-,0.00%
6-Mar-18,"144,500.00","144,500.00","148,000.00","141,000.00",-,0.00%
5-Mar-18,"144,500.00","144,500.00","148,000.00","141,000.00",-,0.00%
2-Mar-18,"144,500.00","144,500.00","148,000.00","141,000.00",-,0.00%
1-Mar-18,"144,500.00","144,500.00","148,000.00","141,000.00",-,0.00%
28-Feb-18,"144,500.00","144,500.00","148,000.00","141,000.00",-,0.00%
27-Feb-18,"144,500.00","144,500.00","148,000.00","141,000.00",-,0.00%
26-Feb-18,"144,500.00","144,500.00","148,000.00","141,000.00",-,0.00%
23-Feb-18,"144,500.00","144,500.00","148,000.00","141,000.00",-,0.00%
22-Feb-18,"144,500.00","144,500.00","148,000.00","141,000.00",-,0.00%
9-Feb-18,"144,500.00","144,500.00","148,000.00","141,000.00",-,0.00%
8-Feb-18,"144,500.00","144,500.00","148,000.00","141,000.00",-,0.00%
7-Feb-18,"144,500.00","144,500.00","148,000.00","141,000.00",-,0.00%
6-Feb-18,"144,500.00","144,500.00","148,000.00","141,000.00",-,0.00%
5-Feb-18,"144,500.00","144,500.00","148,000.00","141,000.00",-,0.00%
2-Feb-18,"144,500.00","144,500.00","148,000.00","141,000.00",-,0.00%
1-Feb-18,"144,500.00","144,500.00","148,000.00","141,000.00",-,0.00%
31-Jan-18,"144,500.00","144,500.00","148,000.00","141,000.00",-,0.00%
30-Jan-18,"144,500.00","144,500.00","148,000.00","141,000.00",-,0.00%
29-Jan-18,"144,500.00","144,500.00","148,000.00","141,000.00",-,0.00%
26-Jan-18,"144,500.00","144,500.00","148,000.00","141,000.00",-,0.00%
25-Jan-18,"144,500.00","144,500.00","148,000.00","141,000.00",-,0.00%
24-Jan-18,"144,500.00","144,500.00","148,000.00","141,000.00",-,-1.37%
23-Jan-18,"146,500.00","146,500.00","150,000.00","143,000.00",-,0.00%
22-Jan-18,"146,500.00","146,500.00","150,000.00","143,000.00",-,0.00%
19-Jan-18,"146,500.00","146,500.00","150,000.00","143,000.00",-,0.00%
18-Jan-18,"146,500.00","146,500.00","150,000.00","143,000.00",-,0.00%
17-Jan-18,"146,500.00","146,500.00","150,000.00","143,000.00",-,0.00%
16-Jan-18,"146,500.00","146,500.00","150,000.00","143,000.00",-,0.00%
15-Jan-18,"146,500.00","146,500.00","150,000.00","143,000.00",-,-1.35%
12-Jan-18,"148,500.00","148,500.00","152,000.00","145,000.00",-,0.00%
11-Jan-18,"148,500.00","148,500.00","152,000.00","145,000.00",-,0.00%
10-Jan-18,"148,500.00","148,500.00","152,000.00","145,000.00",-,0.00%
9-Jan-18,"148,500.00","148,500.00","152,000.00","145,000.00",-,-1.00%
8-Jan-18,"150,000.00","150,000.00","154,000.00","146,000.00",-,0.00%
5-Jan-18,"150,000.00","150,000.00","154,000.00","146,000.00",-,0.00%
4-Jan-18,"150,000.00","150,000.00","154,000.00","146,000.00",-,0.00%
3-Jan-18,"150,000.00","150,000.00","154,000.00","146,000.00",-,0.00%
2-Jan-18,"150,000.00","150,000.00","154,000.00","146,000.00",-,0.00%
29-Dec-17,"150,000.00","150,000.00","154,000.00","146,000.00",-,0.00%
28-Dec-17,"150,000.00","150,000.00","154,000.00","146,000.00",-,0.00%
27-Dec-17,"150,000.00","150,000.00","154,000.00","146,000.00",-,0.00%
26-Dec-17,"150,000.00","150,000.00","154,000.00","146,000.00",-,0.00%
25-Dec-17,"150,000.00","150,000.00","154,000.00","146,000.00",-,0.00%
22-Dec-17,"150,000.00","150,000.00","154,000.00","146,000.00",-,0.00%
21-Dec-17,"150,000.00","150,000.00","154,000.00","146,000.00",-,-1.32%
20-Dec-17,"152,000.00","152,000.00","156,000.00","148,000.00",-,0.00%
19-Dec-17,"152,000.00","152,000.00","156,000.00","148,000.00",-,0.00%
18-Dec-17,"152,000.00","152,000.00","156,000.00","148,000.00",-,0.00%
15-Dec-17,"152,000.00","152,000.00","156,000.00","148,000.00",-,-1.94%
14-Dec-17,"155,000.00","155,000.00","159,000.00","151,000.00",-,0.00%
13-Dec-17,"155,000.00","155,000.00","159,000.00","151,000.00",-,0.00%
12-Dec-17,"155,000.00","155,000.00","159,000.00","151,000.00",-,0.00%
11-Dec-17,"155,000.00","155,000.00","159,000.00","151,000.00",-,0.00%
8-Dec-17,"155,000.00","155,000.00","159,000.00","151,000.00",-,0.00%
7-Dec-17,"155,000.00","155,000.00","159,000.00","151,000.00",-,0.00%
6-Dec-17,"155,000.00","155,000.00","159,000.00","151,000.00",-,0.00%
5-Dec-17,"155,000.00","155,000.00","159,000.00","151,000.00",-,0.00%
4-Dec-17,"155,000.00","155,000.00","159,000.00","151,000.00",-,0.00%
1-Dec-17,"155,000.00","155,000.00","159,000.00","151,000.00",-,0.00%
30-Nov-17,"155,000.00","155,000.00","159,000.00","151,000.00",-,0.00%
29-Nov-17,"155,000.00","155,000.00","159,000.00","151,000.00",-,0.00%
28-Nov-17,"155,000.00","155,000.00","159,000.00","151,000.00",-,0.00%
27-Nov-17,"155,000.00","155,000.00","159,000.00","151,000.00",-,0.00%
24-Nov-17,"155,000.00","155,000.00","159,000.00","151,000.00",-,0.00%
23-Nov-17,"155,000.00","155,000.00","159,000.00","151,000.00",-,0.00%
22-Nov-17,"155,000.00","155,000.00","159,000.00","151,000.00",-,0.00%
21-Nov-17,"155,000.00","155,000.00","159,000.00","151,000.00",-,0.00%
20-Nov-17,"155,000.00","155,000.00","159,000.00","151,000.00",-,0.00%
17-Nov-17,"155,000.00","155,000.00","159,000.00","151,000.00",-,0.00%
16-Nov-17,"155,000.00","155,000.00","159,000.00","151,000.00",-,0.00%
15-Nov-17,"155,000.00","155,000.00","159,000.00","151,000.00",-,0.00%
14-Nov-17,"155,000.00","155,000.00","159,000.00","151,000.00",-,0.00%
13-Nov-17,"155,000.00","155,000.00","159,000.00","151,000.00",-,0.00%
10-Nov-17,"155,000.00","155,000.00","159,000.00","151,000.00",-,0.00%
9-Nov-17,"155,000.00","155,000.00","159,000.00","151,000.00",-,0.00%
8-Nov-17,"155,000.00","155,000.00","159,000.00","151,000.00",-,0.00%
7-Nov-17,"155,000.00","155,000.00","159,000.00","151,000.00",-,0.00%
6-Nov-17,"155,000.00","155,000.00","159,000.00","151,000.00",-,0.00%
3-Nov-17,"155,000.00","155,000.00","159,000.00","151,000.00",-,0.00%
2-Nov-17,"155,000.00","155,000.00","159,000.00","151,000.00",-,1.97%
1-Nov-17,"152,000.00","152,000.00","156,000.00","148,000.00",-,0.00%
31-Oct-17,"152,000.00","152,000.00","156,000.00","148,000.00",-,0.00%
30-Oct-17,"152,000.00","152,000.00","156,000.00","148,000.00",-,0.00%
27-Oct-17,"152,000.00","152,000.00","156,000.00","148,000.00",-,0.00%
26-Oct-17,"152,000.00","152,000.00","156,000.00","148,000.00",-,0.00%
25-Oct-17,"152,000.00","152,000.00","156,000.00","148,000.00",-,0.00%
24-Oct-17,"152,000.00","152,000.00","156,000.00","148,000.00",-,0.00%
23-Oct-17,"152,000.00","152,000.00","156,000.00","148,000.00",-,0.00%
20-Oct-17,"152,000.00","152,000.00","156,000.00","148,000.00",-,0.00%
19-Oct-17,"152,000.00","152,000.00","156,000.00","148,000.00",-,0.00%
18-Oct-17,"152,000.00","152,000.00","156,000.00","148,000.00",-,0.00%
17-Oct-17,"152,000.00","152,000.00","156,000.00","148,000.00",-,0.00%
16-Oct-17,"152,000.00","152,000.00","156,000.00","148,000.00",-,0.00%
13-Oct-17,"152,000.00","152,000.00","156,000.00","148,000.00",-,0.00%
12-Oct-17,"152,000.00","152,000.00","156,000.00","148,000.00",-,2.01%
11-Oct-17,"149,000.00","149,000.00","153,000.00","145,000.00",-,2.05%
10-Oct-17,"146,000.00","146,000.00","150,000.00","142,000.00",-,0.00%
9-Oct-17,"146,000.00","146,000.00","150,000.00","142,000.00",-,0.00%
29-Sep-17,"146,000.00","146,000.00","150,000.00","142,000.00",-,0.00%
28-Sep-17,"146,000.00","146,000.00","150,000.00","142,000.00",-,0.00%
27-Sep-17,"146,000.00","146,000.00","150,000.00","142,000.00",-,0.00%
26-Sep-17,"146,000.00","146,000.00","150,000.00","142,000.00",-,0.00%
22-Sep-17,"146,000.00","146,000.00","150,000.00","142,000.00",-,0.00%
21-Sep-17,"146,000.00","146,000.00","150,000.00","142,000.00",-,0.00%
20-Sep-17,"146,000.00","146,000.00","150,000.00","142,000.00",-,0.00%
19-Sep-17,"146,000.00","146,000.00","150,000.00","142,000.00",-,0.00%
18-Sep-17,"146,000.00","146,000.00","150,000.00","142,000.00",-,0.00%
15-Sep-17,"146,000.00","146,000.00","150,000.00","142,000.00",-,0.00%
14-Sep-17,"146,000.00","146,000.00","150,000.00","142,000.00",-,0.00%
13-Sep-17,"146,000.00","146,000.00","150,000.00","142,000.00",-,0.00%
12-Sep-17,"146,000.00","146,000.00","150,000.00","142,000.00",-,0.00%
11-Sep-17,"146,000.00","146,000.00","150,000.00","142,000.00",-,1.39%
8-Sep-17,"144,000.00","144,000.00","148,000.00","140,000.00",-,0.00%
7-Sep-17,"144,000.00","144,000.00","148,000.00","140,000.00",-,0.00%
6-Sep-17,"144,000.00","144,000.00","148,000.00","140,000.00",-,5.88%
5-Sep-17,"136,000.00","136,000.00","140,000.00","132,000.00",-,5.43%
4-Sep-17,"129,000.00","129,000.00","133,000.00","125,000.00",-,0.00%
1-Sep-17,"129,000.00","129,000.00","133,000.00","125,000.00",-,0.00%
31-Aug-17,"129,000.00","129,000.00","133,000.00","125,000.00",-,0.00%
30-Aug-17,"129,000.00","129,000.00","133,000.00","125,000.00",-,0.00%
29-Aug-17,"129,000.00","129,000.00","133,000.00","125,000.00",-,0.00%
28-Aug-17,"129,000.00","129,000.00","133,000.00","125,000.00",-,0.00%
25-Aug-17,"129,000.00","129,000.00","133,000.00","125,000.00",-,0.00%
24-Aug-17,"129,000.00","129,000.00","133,000.00","125,000.00",-,0.00%
23-Aug-17,"129,000.00","129,000.00","133,000.00","125,000.00",-,0.00%
22-Aug-17,"129,000.00","129,000.00","133,000.00","125,000.00",-,0.78%
21-Aug-17,"128,000.00","128,000.00","132,000.00","124,000.00",-,0.00%
18-Aug-17,"128,000.00","128,000.00","132,000.00","124,000.00",-,0.00%
17-Aug-17,"128,000.00","128,000.00","132,000.00","124,000.00",-,0.00%
16-Aug-17,"128,000.00","128,000.00","132,000.00","124,000.00",-,0.00%
15-Aug-17,"128,000.00","128,000.00","132,000.00","124,000.00",-,1.59%
14-Aug-17,"126,000.00","126,000.00","130,000.00","122,000.00",-,0.00%
11-Aug-17,"126,000.00","126,000.00","130,000.00","122,000.00",-,0.00%
10-Aug-17,"126,000.00","126,000.00","130,000.00","122,000.00",-,0.00%
8-Aug-17,"126,000.00","126,000.00","130,000.00","122,000.00",-,0.00%
7-Aug-17,"126,000.00","126,000.00","130,000.00","122,000.00",-,0.00%
4-Aug-17,"126,000.00","126,000.00","130,000.00","122,000.00",-,0.00%
3-Aug-17,"126,000.00","126,000.00","130,000.00","122,000.00",-,0.00%
2-Aug-17,"126,000.00","126,000.00","130,000.00","122,000.00",-,0.00%
1-Aug-17,"126,000.00","126,000.00","130,000.00","122,000.00",-,0.00%
31-Jul-17,"126,000.00","126,000.00","130,000.00","122,000.00",-,0.00%
28-Jul-17,"126,000.00","126,000.00","130,000.00","122,000.00",-,0.00%
27-Jul-17,"126,000.00","126,000.00","130,000.00","122,000.00",-,0.00%
26-Jul-17,"126,000.00","126,000.00","130,000.00","122,000.00",-,0.00%
25-Jul-17,"126,000.00","126,000.00","130,000.00","122,000.00",-,0.00%
24-Jul-17,"126,000.00","126,000.00","130,000.00","122,000.00",-,0.00%
21-Jul-17,"126,000.00","126,000.00","130,000.00","122,000.00",-,0.00%
20-Jul-17,"126,000.00","126,000.00","130,000.00","122,000.00",-,0.00%
19-Jul-17,"126,000.00","126,000.00","130,000.00","122,000.00",-,0.00%
18-Jul-17,"126,000.00","126,000.00","130,000.00","122,000.00",-,0.00%
17-Jul-17,"126,000.00","126,000.00","130,000.00","122,000.00",-,0.00%
14-Jul-17,"126,000.00","126,000.00","130,000.00","122,000.00",-,0.00%
13-Jul-17,"126,000.00","126,000.00","130,000.00","122,000.00",-,0.00%
12-Jul-17,"126,000.00","126,000.00","130,000.00","122,000.00",-,0.00%
11-Jul-17,"126,000.00","126,000.00","130,000.00","122,000.00",-,0.00%
10-Jul-17,"126,000.00","126,000.00","130,000.00","122,000.00",-,0.00%
7-Jul-17,"126,000.00","126,000.00","130,000.00","122,000.00",-,0.00%
6-Jul-17,"126,000.00","126,000.00","130,000.00","122,000.00",-,0.00%
5-Jul-17,"126,000.00","126,000.00","130,000.00","122,000.00",-,0.00%
4-Jul-17,"126,000.00","126,000.00","130,000.00","122,000.00",-,0.00%
3-Jul-17,"126,000.00","126,000.00","130,000.00","122,000.00",-,0.00%
30-Jun-17,"126,000.00","126,000.00","130,000.00","122,000.00",-,0.00%
29-Jun-17,"126,000.00","126,000.00","130,000.00","122,000.00",-,1.61%
28-Jun-17,"124,000.00","124,000.00","128,000.00","120,000.00",-,0.00%
27-Jun-17,"124,000.00","124,000.00","128,000.00","120,000.00",-,0.00%
26-Jun-17,"124,000.00","124,000.00","128,000.00","120,000.00",-,0.00%
23-Jun-17,"124,000.00","124,000.00","128,000.00","120,000.00",-,0.00%
22-Jun-17,"124,000.00","124,000.00","128,000.00","120,000.00",-,0.00%
21-Jun-17,"124,000.00","124,000.00","128,000.00","120,000.00",-,0.00%
20-Jun-17,"124,000.00","124,000.00","128,000.00","120,000.00",-,0.00%
19-Jun-17,"124,000.00","124,000.00","128,000.00","120,000.00",-,0.00%
16-Jun-17,"124,000.00","124,000.00","128,000.00","120,000.00",-,0.00%
15-Jun-17,"124,000.00","124,000.00","128,000.00","120,000.00",-,0.00%
14-Jun-17,"124,000.00","124,000.00","128,000.00","120,000.00",-,0.00%
13-Jun-17,"124,000.00","124,000.00","128,000.00","120,000.00",-,0.00%
12-Jun-17,"124,000.00","124,000.00","128,000.00","120,000.00",-,0.00%
9-Jun-17,"124,000.00","124,000.00","128,000.00","120,000.00",-,0.00%
8-Jun-17,"124,000.00","124,000.00","128,000.00","120,000.00",-,0.00%
7-Jun-17,"124,000.00","124,000.00","128,000.00","120,000.00",-,0.00%
6-Jun-17,"124,000.00","124,000.00","128,000.00","120,000.00",-,0.00%
5-Jun-17,"124,000.00","124,000.00","128,000.00","120,000.00",-,0.00%
2-Jun-17,"124,000.00","124,000.00","128,000.00","120,000.00",-,0.00%
1-Jun-17,"124,000.00","124,000.00","128,000.00","120,000.00",-,0.00%
31-May-17,"124,000.00","124,000.00","128,000.00","120,000.00",-,0.00%
30-May-17,"124,000.00","124,000.00","128,000.00","120,000.00",-,0.00%
26-May-17,"124,000.00","124,000.00","128,000.00","120,000.00",-,0.00%
25-May-17,"124,000.00","124,000.00","128,000.00","120,000.00",-,0.00%
24-May-17,"124,000.00","124,000.00","128,000.00","120,000.00",-,0.00%
23-May-17,"124,000.00","124,000.00","128,000.00","120,000.00",-,0.00%
22-May-17,"124,000.00","124,000.00","128,000.00","120,000.00",-,0.00%
19-May-17,"124,000.00","124,000.00","128,000.00","120,000.00",-,0.81%
18-May-17,"123,000.00","123,000.00","127,000.00","119,000.00",-,0.00%
17-May-17,"123,000.00","123,000.00","127,000.00","119,000.00",-,0.00%
16-May-17,"123,000.00","123,000.00","127,000.00","119,000.00",-,0.00%
15-May-17,"123,000.00","123,000.00","127,000.00","119,000.00",-,0.00%
12-May-17,"123,000.00","123,000.00","127,000.00","119,000.00",-,0.00%
11-May-17,"123,000.00","123,000.00","127,000.00","119,000.00",-,0.00%
10-May-17,"123,000.00","123,000.00","127,000.00","119,000.00",-,0.00%
