Date, Open, High, Low, Close, Volume
4/1/2022,1081.15,1094.75,1066.64,1084.59,18087740
3/31/2022,1094.57,1103.14,1076.641,1077.6,16330920
3/30/2022,1091.17,1113.95,1084,1093.99,19955000
3/29/2022,1107.99,1114.77,1073.11,1099.57,24538270
3/28/2022,1065.1,1097.88,1053.6,1091.84,34168688
3/25/2022,1008,1021.8,997.3201,1010.64,20677180
3/24/2022,1009.73,1024.49,988.8,1013.92,22973631
3/23/2022,979.94,1040.7,976.4,999.11,40225379
3/22/2022,930,997.86,921.75,993.98,35289520
3/21/2022,914.98,942.85,907.09,921.16,27327221
3/18/2022,874.49,907.85,867.39,905.39,33471398
3/17/2022,830.99,875,825.7178,871.6,22194320
3/16/2022,809,842,802.2601,840.23,28009609
3/15/2022,775.27,805.57,756.57,801.89,22280381
3/14/2022,780.61,800.7,756.04,766.37,23717420
3/11/2022,840.197,843.802,793.77,795.35,22345721
3/10/2022,851.45,854.45,810.3601,838.3,19549551
3/9/2022,839.48,860.56,832.01,858.97,19727990
3/8/2022,795.53,849.99,782.17,824.4,26799699
3/7/2022,856.3,866.14,804.57,804.58,24164721
3/4/2022,849.1,855.65,825.1609,838.29,22393289
3/3/2022,878.77,886.439,832.6001,839.29,20541170
3/2/2022,872.13,886.48,844.2721,879.89,24881150
3/1/2022,869.68,889.88,853.78,864.37,24922289
2/28/2022,815.01,876.86,814.7075,870.43,33002289
2/25/2022,809.23,819.5,782.4005,809.87,25355920
2/24/2022,700.39,802.48,700,800.77,45107434
2/23/2022,830.43,835.2997,760.56,764.04,31752340
2/22/2022,834.13,856.7338,801.1001,821.53,27762730
2/18/2022,886,886.87,837.61,856.98,22833949
2/17/2022,913.26,918.4999,874.1,876.35,18392811
2/16/2022,914.05,926.4299,901.21,923.39,17098131
2/15/2022,900,923,893.3774,922.43,19216510
2/14/2022,861.57,898.8799,853.15,875.76,22585471
2/11/2022,909.63,915.96,850.7,860,26548619
2/10/2022,908.37,943.81,896.7,904.55,22042279
2/9/2022,935,946.2699,920,932,17419850
2/8/2022,905.53,926.2899,894.8,922,16909670
2/7/2022,923.79,947.77,902.7089,907.34,20331490
2/4/2022,897.22,936.5,881.17,923.32,24541820
2/3/2022,882,937,880.52,891.14,26285189
2/2/2022,928.18,931.5,889.41,905.66,22264350
2/1/2022,935.21,943.7,905,931.25,24379449
1/31/2022,872.71,937.99,862.05,936.72,34812031
1/28/2022,831.56,857.5,792.01,846.35,44929648
1/27/2022,933.36,935.39,829,829.1,49036520
1/26/2022,952.43,987.69,906,937.41,34955762
1/25/2022,914.2,951.26,903.21,918.4,28865301
1/24/2022,904.76,933.5131,851.47,930,50791711
1/21/2022,996.34,1004.55,940.5,943.9,34472008
1/20/2022,1009.73,1041.66,994,996.27,23496250
1/19/2022,1041.705,1054.67,995,995.65,25147500
1/18/2022,1026.605,1070.79,1016.06,1030.51,22329801
1/14/2022,1019.88,1052,1013.379,1049.61,24308141
1/13/2022,1109.065,1115.6,1026.539,1031.56,32403260
1/12/2022,1078.85,1114.84,1072.59,1106.22,27913010
1/11/2022,1053.67,1075.85,1038.82,1064.4,22021070
1/10/2022,1000,1059.1,980,1058.12,30604961
1/7/2022,1080.37,1080.93,1010,1026.96,28054920
1/6/2022,1077,1088,1020.5,1064.7,30112160
1/5/2022,1146.65,1170.34,1081.01,1088.12,26706600
1/4/2022,1189.55,1208,1123.05,1149.59,33416090
1/3/2022,1147.75,1201.07,1136.04,1199.78,34895352
12/31/2021,1073.444,1082,1054.59,1056.78,13577880
12/30/2021,1061.33,1095.55,1053.15,1070.34,15680310
12/29/2021,1098.64,1104,1064.14,1086.19,18718020
12/28/2021,1109.49,1119,1078.42,1088.47,20107971
12/27/2021,1073.67,1117,1070.715,1093.94,23715270
12/23/2021,1006.8,1072.977,997.56,1067,30904430
12/22/2021,965.66,1015.66,957.05,1008.87,31211359
12/21/2021,916.87,939.5,886.12,938.53,23839311
12/20/2021,910.7,921.6884,893.39,899.94,18826670
12/17/2021,914.77,960.6599,909.0401,932.57,33626754
12/16/2021,994.5,994.98,921.85,926.92,27590480
12/15/2021,953.21,978.7499,928.2501,975.99,25056410
12/14/2021,945,966.41,930,958.51,23602090
12/13/2021,1001.09,1005,951.42,966.41,26198500
12/10/2021,1008.75,1020.98,982.53,1017.03,19888119
12/9/2021,1060.64,1062.49,1002.36,1003.8,19812830
12/8/2021,1052.71,1072.38,1033,1068.96,13968790
12/7/2021,1044.2,1057.674,1026.81,1051.75,18694859
12/6/2021,1001.51,1021.64,950.5,1009.01,27221039
12/3/2021,1084.79,1090.575,1000.21,1014.97,30774000
12/2/2021,1099.06,1113,1056.65,1084.6,24371619
12/1/2021,1160.695,1172.84,1090.76,1095,22934699
11/30/2021,1144.37,1168,1118,1144.76,27092039
11/29/2021,1100.99,1142.67,1100.19,1136.99,19464471
11/26/2021,1099.47,1108.783,1081,1081.92,11680890
11/24/2021,1080.39,1132.77,1062,1116,22560240
11/23/2021,1167.51,1180.5,1062.7,1109.03,36171699
11/22/2021,1162.33,1201.95,1132.43,1156.87,33072512
11/19/2021,1098.87,1138.72,1092.7,1137.06,21642260
11/18/2021,1106.55,1112,1075.02,1096.38,20898930
11/17/2021,1063.51,1119.64,1055.5,1089.01,31445369
11/16/2021,1003.31,1057.2,1002.18,1054.73,26542359
11/15/2021,1017.63,1031.98,978.6,1013.39,34775648
11/12/2021,1047.5,1054.5,1019.2,1033.42,25573150
11/11/2021,1102.77,1104.97,1054.68,1063.51,22396570
11/10/2021,1010.41,1078.1,987.31,1067.95,42802719
11/9/2021,1173.6,1174.5,1011.52,1023.5,59105840
11/8/2021,1149.785,1197,1133,1162.94,33445719
11/5/2021,1228,1239.87,1208,1222.09,21628811
11/4/2021,1234.41,1243.49,1217,1229.91,25397410
11/3/2021,1177.33,1215.39,1152.62,1213.86,34628520
11/2/2021,1159.355,1208.59,1146,1172,42737801
11/1/2021,1145,1209.75,1118.66,1208.59,56048719
10/29/2021,1081.86,1115.21,1073.205,1114,29918420
10/28/2021,1068.305,1081,1054.2,1077.04,27213170
10/27/2021,1039.66,1070.88,1030.78,1037.86,38526461
10/26/2021,1024.69,1094.94,1001.44,1018.43,62414969
10/25/2021,950.53,1045.02,944.2,1024.86,62852102
10/22/2021,895.5,910,890.96,909.68,22880840
10/21/2021,856,900,855.5046,894,31481449
10/20/2021,865.35,869.49,857.38,865.8,14032050
10/19/2021,877.53,877.95,862.51,864.27,17381131
10/18/2021,851.79,875.26,851.47,870.11,24207240
10/15/2021,823.738,843.21,822.35,843.03,18924570
10/14/2021,815.49,820.25,813.3501,818.32,12247170
10/13/2021,810.47,815.41,805.78,811.08,14120080
10/12/2021,800.93,812.32,796.57,805.72,22020039
10/11/2021,787.65,801.24,785.5,791.94,14200320
10/8/2021,796.21,796.38,780.91,785.49,16738600
10/7/2021,785.46,805,783.38,793.61,19195779
10/6/2021,776.2,786.66,773.22,782.75,14632770
10/5/2021,784.796,797.31,774.2,780.59,18432631
10/4/2021,796.5,806.9699,776.12,781.53,30483340
10/1/2021,778.4,780.78,763.59,775.22,17031410
9/30/2021,781,789.1305,775,775.48,17955961
9/29/2021,779.8,793.5,770.68,781.31,20942881
9/28/2021,787.2,795.64,766.1801,777.56,25381420
9/27/2021,773.12,799,769.31,791.36,28070660
9/24/2021,745.89,774.8,744.56,774.39,21373020
9/23/2021,755,758.2,747.92,753.64,11947530
9/22/2021,743.5263,753.6699,739.12,751.94,15126270
9/21/2021,734.79,744.7399,730.44,739.38,16330720
9/20/2021,734.5577,742,718.6249,730.17,24757650
9/17/2021,757.15,761.04,750,759.49,28204180
9/16/2021,752.83,758.91,747.61,756.99,13923390
9/15/2021,745,756.86,738.36,755.83,15357690
9/14/2021,742.57,754.47,736.4,744.49,18524881
9/13/2021,740.214,744.78,708.85,743,22952480
9/10/2021,759.6,762.61,734.5201,736.27,15184170
9/9/2021,753.41,762.1,751.6301,754.86,14077730
9/8/2021,761.58,764.45,740.7733,753.87,18793039
9/7/2021,740,760.2,739.26,752.92,20039830
9/3/2021,732.249,734,724.2,733.57,15271050
9/2/2021,734.5,740.97,730.54,732.39,12796740
9/1/2021,734.08,741.99,731.2701,734.09,13204340
8/31/2021,733,740.39,726.44,735.72,20855439
8/30/2021,714.715,731,712.73,730.91,18604221
8/27/2021,705,715,702.1001,711.92,13833760
8/26/2021,708.31,715.4,697.6201,701.16,13214290
8/25/2021,707.03,716.97,704,711.2,12645560
8/24/2021,710.68,715.22,702.64,708.49,13083070
8/23/2021,685.442,712.1299,680.7505,706.3,20264859
8/20/2021,682.85,692.1299,673.7,680.26,14841870
8/19/2021,678.21,686.55,667.59,673.47,14313490
8/18/2021,669.748,695.77,669.35,688.99,20349381
8/17/2021,672.66,674.58,648.84,665.71,23721279
8/16/2021,705.07,709.5,676.4,686.17,23103301
8/13/2021,723.71,729.9,714.34,717.17,16731471
8/12/2021,706.34,722.8,699.4,722.25,17681689
8/11/2021,712.71,715.18,704.21,707.82,9800558
8/10/2021,713.99,716.59,701.88,709.99,13432310
8/9/2021,710.17,719.03,705.13,713.76,14715350
8/6/2021,711.9,716.33,697.63,699.1,15623050
8/5/2021,716,720.9499,711.41,714.63,12919640
8/4/2021,711,724.9,708.93,710.92,17002650
8/3/2021,719,722.65,701.01,709.74,21620250
8/2/2021,700,726.94,698.4,709.67,33615770
7/30/2021,671.758,697.53,669,687.2,29656410
7/29/2021,649.79,683.69,648.8,677.35,30394641
7/28/2021,646.995,654.9699,639.4001,646.98,16006600
7/27/2021,663.4,666.5,627.24,644.78,32813289
7/26/2021,650.97,668.1999,647.11,657.62,25336561
7/23/2021,646.36,648.8,637.3001,643.38,14604940
7/22/2021,656.4428,662.17,644.6001,649.26,15105730
7/21/2021,659.61,664.8599,650.2901,655.29,13953340
7/20/2021,651.99,662.3916,640.501,660.5,15487130
7/19/2021,629.89,647.1999,621.29,646.22,21297090
7/16/2021,654.68,656.6999,642.2,644.22,16370970
7/15/2021,658.39,666.14,637.88,650.6,20209570
7/14/2021,670.75,678.6099,652.84,653.38,21641189
7/13/2021,686.32,693.28,666.2958,668.54,20966090
7/12/2021,662.2,687.24,662.161,685.7,25927039
7/9/2021,653.185,658.91,644.69,656.95,18140551
7/8/2021,628.37,654.43,620.46,652.81,22773320
7/7/2021,664.27,665.7,638.32,644.65,18791961
7/6/2021,681.7115,684,651.4002,659.58,23284449
7/2/2021,678.98,700,673.26,678.9,27097369
7/1/2021,683.92,687.99,672.8,677.92,18634520
6/30/2021,679.77,692.81,678.14,679.7,18924859
6/29/2021,684.65,687.5099,675.89,680.76,17381311
6/28/2021,671.64,694.6999,670.32,688.72,21628160
6/25/2021,689.58,693.81,668.7,671.87,32496711
6/24/2021,674.99,697.62,667.61,679.82,45982391
6/23/2021,632,657.204,630.04,656.57,31099230
6/22/2021,618.25,628.5693,615.5,623.71,19158891
6/21/2021,624.48,631.39,608.88,620.83,24812740
6/18/2021,613.37,628.35,611.8,623.31,24560910
6/17/2021,601.888,621.47,601.34,616.6,22701350
6/16/2021,597.535,608.5,593.5,604.87,22144131
6/15/2021,616.69,616.79,598.23,599.36,17764150
6/14/2021,612.23,625.49,609.18,617.69,20423980
6/11/2021,610.23,612.56,601.52,609.89,16205300
6/10/2021,603.88,616.59,600.5,610.12,23919609
6/9/2021,602.17,611.79,597.6301,598.78,16584570
6/8/2021,623.01,623.09,595.5,603.59,26053410
6/7/2021,591.825,610,582.88,605.13,22543680
6/4/2021,579.71,600.61,577.2,599.05,24036900
6/3/2021,601.8,604.55,571.22,572.84,30111891
6/2/2021,620.13,623.36,599.14,605.12,23302779
6/1/2021,627.8,633.8,620.55,623.9,18084891
5/28/2021,628.5,635.59,622.38,625.22,22737039
5/27/2021,620.24,631.13,616.21,630.85,26370590
5/26/2021,607.56,626.17,601.5,619.13,28639311
5/25/2021,607.31,613.99,595.71,604.69,28005930
5/24/2021,581.6,614.48,573.65,606.44,34558090
5/21/2021,596.11,596.68,580,580.88,26030600
5/20/2021,575,588.85,571.07,586.78,30821119
5/19/2021,552.55,566.21,546.98,563.46,39578398
5/18/2021,568,596.25,563.38,577.87,36830566
5/17/2021,575.553,589.73,561.2,576.83,32247801
5/14/2021,583.41,592.87,570.46,589.74,33370859
5/13/2021,601.545,606.4599,559.65,571.69,44184922
5/12/2021,602.49,620.41,586.765,589.89,33823648
5/11/2021,599.24,627.0999,595.6,617.2,46503898
5/10/2021,664.9,665.05,627.6101,629.04,31392420
5/7/2021,665.8,690,660.22,672.37,23469170
5/6/2021,680.76,681.02,650,663.54,27784619
5/5/2021,681.06,685.2955,667.34,670.94,21901891
5/4/2021,678.94,683.4464,657.701,673.6,29739320
5/3/2021,703.8,706,680.5,684.9,27043141
4/30/2021,667.59,715.47,666.14,709.44,40758719
4/29/2021,699.51,702.25,668.5002,677,28845449
4/28/2021,696.41,708.5,693.6,694.4,22271051
4/27/2021,717.96,724,703.3501,704.74,29437000
4/26/2021,741,749.3,732.6053,738.2,31038500
4/23/2021,719.8,737.36,715.46,729.4,28413891
4/22/2021,741.5,753.77,718.04,719.69,35590262
4/21/2021,704.77,744.84,698,744.12,31215510
4/20/2021,717.42,737.25,710.685,718.99,35609039
4/19/2021,719.6,725.4,691.8001,714.63,39686230
4/16/2021,728.65,749.41,724.6,739.78,27979529
4/15/2021,743.1,743.69,721.31,738.85,27848900
4/14/2021,770.7,780.79,728.03,732.23,49017434
4/13/2021,712.7,763,710.66,762.32,44652809
4/12/2021,685.7,704.8,682.09,701.98,29135670
4/9/2021,677.77,680.97,669.43,677.02,21437090
4/8/2021,677.38,689.5499,671.645,683.8,23924330
4/7/2021,687,691.38,667.84,670.97,26309430
4/6/2021,690.3,696.55,681.37,691.62,28271840
4/5/2021,707.71,708.16,684.7,691.05,41842770
4/1/2021,688.37,692.4203,659.42,661.75,35298379
3/31/2021,646.62,672,641.11,667.93,33337289
3/30/2021,601.75,637.66,591.01,635.62,39432359
3/29/2021,615.64,616.48,596.02,611.29,28636990
3/26/2021,641.87,643.82,599.89,618.71,33852832
3/25/2021,613,645.5,609.5,640.39,39224848
3/24/2021,667.91,668.02,630.11,630.27,33795168
3/23/2021,675.77,677.8,657.51,662.16,30491869
3/22/2021,684.59,699.62,668.75,670,39512219
3/19/2021,646.6,657.23,624.6201,654.87,42893980
3/18/2021,684.29,689.23,652,653.16,33369020
3/17/2021,656.87,703.73,651.01,701.81,40372449
3/16/2021,703.35,707.92,671,676.88,32195670
3/15/2021,694.09,713.18,684.04,707.94,29423480
3/12/2021,670,694.88,666.1394,693.73,33583840
3/11/2021,699.4,702.5,677.18,699.6,36253887
3/10/2021,700.3,717.85,655.06,668.06,60605672
3/9/2021,608.18,678.09,595.21,673.58,67523328
3/8/2021,600.55,620.125,558.79,563,51786961
3/5/2021,626.06,627.8419,539.49,597.95,89396461
3/4/2021,655.8,873.94,600,621.44,65919531
3/3/2021,687.99,700.7,651.705,653.2,30207961
3/2/2021,718.28,721.11,685,686.44,23732160
3/1/2021,690.11,872,685.05,718.43,27136240
2/26/2021,700,706.7,659.51,675.5,41089168
2/25/2021,726.15,737.2066,670.58,682.22,39023859
2/24/2021,711.85,745,694.17,742.02,36766953
2/23/2021,662.13,713.6099,619,698.84,66606883
2/22/2021,762.64,768.5,710.2,714.5,37269719
2/19/2021,795,796.7899,777.37,781.3,18958260
2/18/2021,780.9,794.69,776.27,787.38,17957061
2/17/2021,779.09,799.84,762.01,798.15,26078900
2/16/2021,818,821,792.44,796.22,19802320
2/12/2021,801.26,817.33,785.3306,816.12,23768311
2/11/2021,812.44,829.8799,801.725,811.66,21622750
2/10/2021,843.635,844.82,800.02,804.82,36216090
2/9/2021,855.12,859.8,841.75,849.46,15157650
2/8/2021,869.67,877.77,854.75,863.42,20161721
2/5/2021,845,864.77,838.97,852.23,18566641
2/4/2021,855,856.5,833.42,849.99,15812660
2/3/2021,877.02,878.08,853.0646,854.69,18343510
2/2/2021,844.68,880.5,842.2006,872.79,24346211
2/1/2021,814.29,842,795.5601,839.81,25391391
1/29/2021,830,842.41,780.1,793.53,34990754
1/28/2021,820,848,801,835.43,26378051
1/27/2021,870.35,891.5,858.66,864.16,27333961
1/26/2021,891.38,895.9,871.6,883.09,23131600
1/25/2021,855,900.4,838.8201,880.8,41173398
1/22/2021,834.31,848,828.62,846.64,20066500
1/21/2021,855,855.7199,841.4201,844.99,20598131
1/20/2021,858.74,859.5,837.28,850.45,25665881
1/19/2021,837.8,850,833,844.55,25366980
1/15/2021,852,859.9,819.1,826.16,38777602
1/14/2021,843.39,863,838.75,845,31266330
1/13/2021,852.76,860.47,832,854.41,33312500
1/12/2021,831,868,827.34,849.44,46270719
1/11/2021,849.4,854.43,803.6222,811.19,59554152
1/8/2021,856,884.49,838.39,880.02,75055531
1/7/2021,777.63,816.99,775.2,816.04,51498953
1/6/2021,758.49,774,749.1,755.98,44699969
1/5/2021,723.66,740.84,719.2,735.11,32245170
1/4/2021,719.46,744.4899,717.1895,729.77,48638191
12/31/2020,699.99,718.72,691.12,705.67,49649930
12/30/2020,672,696.6,668.3603,694.78,42846020
12/29/2020,661,669.9,655,665.99,22910811
12/28/2020,674.51,681.4,660.8,663.69,32278561
12/24/2020,642.99,666.09,641,661.77,22865570
12/23/2020,632.2,651.4999,622.5701,645.98,33172969
12/22/2020,648,649.88,614.23,640.34,51861641
12/21/2020,666.24,668.5,646.07,649.86,58045262
12/18/2020,668.9,695,628.54,695,222126203
12/17/2020,628.19,658.82,619.5,655.9,56270141
12/16/2020,628.23,632.5,605,622.77,42095809
12/15/2020,643.28,646.9,623.8,633.25,45223559
12/14/2020,619,642.7499,610.2001,639.83,52040648
12/11/2020,615.01,624,596.8,609.99,46474969
12/10/2020,574.37,627.75,566.34,627.07,67083148
12/9/2020,653.69,654.32,588,604.48,71291195
12/8/2020,625.505,651.28,618.5,649.88,64265031
12/7/2020,604.9197,648.7856,603.05,641.76,56309711
12/4/2020,591.01,599.04,585.5,599.04,29401311
12/3/2020,590.02,598.97,582.43,593.38,42552000
12/2/2020,556.44,571.54,541.21,568.82,47775648
12/1/2020,597.59,597.85,572.05,584.76,40382832
11/30/2020,602.21,607.8,554.51,567.6,63003047
11/27/2020,581.16,598.78,578.45,585.76,37561078
11/25/2020,550.06,574,545.37,574,48930160
11/24/2020,540.4,559.99,526.2,555.38,53648488
11/23/2020,503.5,526,501.79,521.85,50260301
11/20/2020,497.99,502.5,489.06,489.61,32911922
11/19/2020,492,508.6112,487.57,499.27,62475352
11/18/2020,448.35,496,443.5001,486.64,78044016
11/17/2020,460.17,462,433.01,441.61,61188281
11/16/2020,408.93,412.45,404.0868,408.09,26838641
11/13/2020,410.85,412.5319,401.66,408.5,19830350
11/12/2020,415.05,423,409.52,411.76,19940500
11/11/2020,416.45,418.695,410.58,417.13,17357721
11/10/2020,420.09,420.09,396.0301,410.36,30284221
11/9/2020,439.5,452.5,421,421.26,34833031
11/6/2020,436.1,436.57,424.28,429.95,21706010
11/5/2020,428.3,440,424.0001,438.09,28414520
11/4/2020,430.62,435.4,417.1,420.98,32143061
11/3/2020,409.73,427.77,406.69,423.9,34351719
11/2/2020,394,406.9799,392.3,400.51,29021119
10/30/2020,406.8954,407.5915,379.11,388.04,42587641
10/29/2020,409.96,418.06,406.46,410.83,22655311
10/28/2020,416.48,418.6,406,406.02,25451410
10/27/2020,423.76,430.5,420.1,424.68,22686510
10/26/2020,411.63,425.76,410,420.28,28239160
10/23/2020,421.84,422.8859,407.3801,420.63,33716980
10/22/2020,441.92,445.23,424.51,425.79,39993191
10/21/2020,422.7,432.95,421.25,422.64,32370461
10/20/2020,431.75,431.75,419.0501,421.94,31656289
10/19/2020,446.24,447,428.87,430.83,36287840
10/16/2020,454.44,455.9499,438.85,439.67,32775879
10/15/2020,450.31,456.57,442.5,448.88,35672352
10/14/2020,449.78,465.9,447.35,461.3,48045391
10/13/2020,443.35,448.89,436.6,446.65,34463672
10/12/2020,442,448.74,438.58,442.3,38791129
10/9/2020,430.13,434.5899,426.4601,434,28925660
10/8/2020,438.44,439,425.3,425.92,40421121
10/7/2020,419.87,429.9,413.845,425.3,43127711
10/6/2020,423.79,428.7799,406.05,413.98,49146262
10/5/2020,423.35,433.64,419.33,425.68,44722793
10/2/2020,421.39,439.13,415,415.09,71430031
10/1/2020,440.76,448.88,434.42,448.16,50741449
9/30/2020,421.32,433.93,420.47,429.01,48145566
9/29/2020,416,428.5,411.6,419.07,50341398
9/28/2020,424.62,428.08,415.55,421.2,49719559
9/25/2020,393.47,408.7323,391.3,407.34,67208461
9/24/2020,363.8,399.5,351.3,387.79,96561055
9/23/2020,405.16,412.15,375.8801,380.36,95074180
9/22/2020,429.6,437.76,417.6001,424.23,79580797
9/21/2020,453.13,455.68,407.07,449.39,109476797
9/18/2020,447.94,451,428.8,442.15,86406812
9/17/2020,415.6,437.79,408.0001,423.43,76779156
9/16/2020,439.87,457.79,435.31,441.76,72546758
9/15/2020,436.56,461.94,430.7,449.76,97298234
9/14/2020,380.95,420,373.3,419.62,83020609
9/11/2020,381.94,382.5,360.5,372.72,60717461
9/10/2020,386.21,398.99,360.56,371.34,84930609
9/9/2020,356.6,369,341.51,366.28,79465766
9/8/2020,356,368.74,329.88,330.21,115465695
9/4/2020,402.81,428,372.0201,418.32,110321906
9/3/2020,407.23,431.8,402,407,87596086
9/2/2020,478.99,479.04,405.1206,447.37,96176125
9/1/2020,502.14,502.49,470.51,475.05,90119422
8/31/2020,444.61,500.14,440.11,498.32,118374398
8/28/2020,459.024,463.698,437.304,442.68,100405898.5
8/27/2020,436.092,459.12,428.5,447.75,118465193.2
8/26/2020,412,433.2,410.7258,430.634,71196893.93
8/25/2020,394.978,405.59,393.6,404.668,53294449.2
8/24/2020,425.255,425.8,385.504,402.84,100318093.5
8/21/2020,408.952,419.098,405.01,409.996,107447803.4
8/20/2020,372.136,404.398,371.412,400.366,103059003.5
8/19/2020,373,382.2,368.242,375.706,61026649.08
8/18/2020,379.798,384.78,369.022,377.418,82372448.76
8/17/2020,335.4,369.172,334.566,367.128,101211598.5
8/14/2020,332.998,333.76,325.328,330.142,62888049.06
8/13/2020,322.2,330.236,313.452,324.2,102126553.5
8/12/2020,294,317,287,310.952,109494148.4
8/11/2020,279.2,284,273,274.878,43129169.35
8/10/2020,289.6,291.5,277.168,283.714,37611319.44
8/7/2020,299.9074,299.95,283.002,290.542,44482099.33
8/6/2020,298.166,303.462,295.452,297.916,29961564.55
8/5/2020,298.598,299.9676,293.662,297.004,24890074.63
8/4/2020,299.002,305.482,292.4,297.4,42074949.37
8/3/2020,289.84,301.962,288.877,297,44046729.34
7/31/2020,303,303.41,284.196,286.152,61234799.08
7/30/2020,297.6,302.648,294.2,297.498,38105199.43
7/29/2020,300.2,306.962,297.4,299.822,47134464.29
7/28/2020,300.8,312.94,294.884,295.298,79043493.81
7/27/2020,287,309.588,282.6,307.92,80243353.8
7/24/2020,283.202,293,273.308,283.4,96983093.55
7/23/2020,335.79,337.8,296.154,302.614,121642498.2
7/22/2020,319.8,325.284,312.4,318.466,70805398.94
7/21/2020,327.986,335,311.6,313.672,80786398.79
7/20/2020,303.802,330,297.6,328.6,85606843.72
7/17/2020,302.69,307.502,298,300.168,46649859.3
7/16/2020,295.432,306.342,293.2,300.128,71503953.93
7/15/2020,308.6,310,291.4,309.202,81839153.77
7/14/2020,311.2,318,286.2,303.36,117090703.2
7/13/2020,331.8,358.998,294.222,299.412,194926792.1
7/10/2020,279.2,309.783,275.202,308.93,116687753.2
7/9/2020,279.398,281.712,270.256,278.856,58587999.12
7/8/2020,281,283.452,262.268,273.176,81556553.78
7/7/2020,281.002,285.9,267.342,277.972,107448298.4
7/6/2020,255.338,275.558,253.2088,274.316,102849293.5
7/2/2020,244.296,245.6,237.12,241.732,86250593.71
7/1/2020,216.6,227.066,216.1,223.926,66634499
6/30/2020,201.3,217.538,200.746,215.962,84592498.73
6/29/2020,193.802,202,189.704,201.87,45132019.32
6/26/2020,198.956,199,190.974,191.948,44274539.34
6/25/2020,190.854,197.196,187.43,197.196,46272744.31
6/24/2020,198.822,200.177,190.6283,192.17,54797949.18
6/23/2020,199.776,202.4,198.802,200.356,31826354.52
6/22/2020,199.99,201.776,198.004,198.864,31811749.52
6/19/2020,202.556,203.194,198.268,200.18,43398744.35
6/18/2020,200.6,203.84,198.8942,200.792,48759679.27
6/17/2020,197.542,201,196.5142,198.358,49453999.26
6/16/2020,202.37,202.576,192.478,196.426,70255398.95
6/15/2020,183.558,199.768,181.7,198.18,78485893.82
6/12/2020,196,197.596,182.52,187.056,83816843.74
6/11/2020,198.04,203.792,194.4,194.568,79582398.81
6/10/2020,198.376,205.496,196.5,205.01,92817048.61
6/9/2020,188.002,190.888,184.7862,188.134,56940749.15
6/8/2020,183.8,190,181.832,189.984,70873648.94
6/5/2020,175.568,177.304,173.24,177.132,39059584.41
6/4/2020,177.976,179.15,171.688,172.876,44438564.33
6/3/2020,177.624,179.588,176.02,176.592,39747344.4
6/2/2020,178.94,181.732,174.2,176.312,67827998.98
6/1/2020,171.6,179.8,170.82,179.62,75426493.87
5/29/2020,161.75,167,160.842,167,59062449.11
5/28/2020,162.702,164.95,160.338,161.162,36378864.45
5/27/2020,164.172,165.542,157,164.046,57747649.13
5/26/2020,166.9,166.92,163.141,163.774,40448679.39
5/22/2020,164.4348,166.356,162.4,163.376,49937374.25
5/21/2020,163.2,166.5,159.2,165.52,61272899.08
5/20/2020,164.1,165.2,162.36,163.112,36546354.45
5/19/2020,163.034,164.414,161.216,161.602,48182609.28
5/18/2020,165.556,166.944,160.776,162.726,58490499.12
5/15/2020,158.07,161.0097,157.3104,159.834,52592149.21
5/14/2020,156,160.672,152.8,160.666,68410953.97
5/13/2020,164.166,165.2,152.66,158.192,95327448.57
5/12/2020,165.4,168.658,161.6,161.882,79534553.81
5/11/2020,158.102,164.8,157,162.258,82597998.76
5/8/2020,158.754,164.8,157.402,163.884,80650448.79
5/7/2020,155.442,159.28,154.47,156.008,57638449.14
5/6/2020,155.3,157.96,152.222,156.516,55616149.17
5/5/2020,157.958,159.784,152.436,153.642,84958298.73
5/4/2020,140.2,152.4,139.6,152.238,96185448.56
5/1/2020,151,154.554,136.608,140.264,162659042.6
4/30/2020,171.038,173.964,152.7,156.376,142359247.9
4/29/2020,158.034,160.64,156.632,160.102,81079893.78
4/28/2020,159.128,161,151.338,153.824,76109798.86
4/27/2020,147.522,159.898,147,159.75,103407193.4
4/24/2020,142.162,146.146,139.636,145.03,66188049.01
4/23/2020,145.52,146.8,140.626,141.126,66183499.01
4/22/2020,140.796,146.8,137.742,146.422,71124153.93
4/21/2020,146.024,150.666,134.758,137.344,101045448.5
4/20/2020,146.54,153.114,142.442,149.272,73731848.89
4/17/2020,154.456,154.99,149.532,150.778,65641149.02
4/16/2020,143.388,151.89,141.343,149.042,103289293.5
4/15/2020,148.4,150.626,142,145.966,117884998.2
4/14/2020,139.794,148.376,138.486,141.978,152882547.7
4/13/2020,118.032,130.4,116.106,130.19,112377098.3
4/9/2020,112.418,115.0364,111.422,114.6,68249998.98
4/8/2020,110.84,111.4416,106.666,109.768,63280099.05
4/7/2020,109,113,106.468,109.09,89598893.66
4/6/2020,102.24,104.2,99.592,103.248,73690998.89
4/3/2020,101.9,103.098,93.678,96.002,112810398.3
4/2/2020,96.206,98.852,89.28,90.894,99292148.51
4/1/2020,100.8,102.791,95.02,96.312,66765899
3/31/2020,100.25,108.592,99.4,104.8,88857448.67
3/30/2020,102.052,103.3294,98.246,100.426,59990349.1
3/27/2020,101,105.16,98.806,102.872,71887048.92
3/26/2020,109.478,112,102.45,105.632,87110398.69
3/25/2020,109.05,111.4,102.222,107.85,106113748.4
3/24/2020,95.46,102.738,94.8,101,114475848.3
3/23/2020,86.72,88.4,82.1,86.858,82272753.77
3/20/2020,87.64,95.4,85.158,85.506,141427507.9
3/19/2020,74.9394,90.4,71.692,85.528,150977302.7
3/18/2020,77.8,80.972,70.102,72.244,118930798.2
3/17/2020,88.002,94.37,79.2,86.04,119972898.2
3/16/2020,93.8999,98.974,88.434,89.014,102447303.5
3/13/2020,119,121.514,100.4,109.324,113201248.3
3/12/2020,116.178,118.9,109.25,112.11,94545253.58
3/11/2020,128.04,130.716,122.6,126.846,67067948.99
3/10/2020,131.886,133.6,121.6,129.066,77972198.83
3/9/2020,121.078,132.5996,121,121.6,85368698.72
3/6/2020,138.0008,141.4,136.854,140.696,63314599.05
3/5/2020,144.754,149.15,143.614,144.908,54263299.19
3/4/2020,152.7921,153.304,144.9469,149.9,75244893.87
3/3/2020,161,161.396,143.2221,149.102,128919998.1
3/2/2020,142.252,148.738,137.334,148.724,100974948.5
2/28/2020,125.94,138.104,122.304,133.598,122820848.2
2/27/2020,146,147.954,133.8,135.8,121385798.2
2/26/2020,156.5,162.662,155.222,155.76,70769198.94
2/25/2020,169.8,171.32,157.4,159.982,86452398.7
2/24/2020,167.8,172.7,164.44,166.758,75960798.86
2/21/2020,181.396,182.612,176.09,180.2,71697248.92
2/20/2020,182.39,182.4,171.988,179.882,88174453.68
2/19/2020,184.7,188.956,180.204,183.484,127114803.1
2/18/2020,168.32,172,166.472,171.68,83491843.75
2/14/2020,157.444,162.594,157.1,160.006,78468553.82
2/13/2020,148.368,163.6,147,160.8,131446748
2/12/2020,155.574,157.95,152.674,153.458,60112349.1
2/11/2020,153.758,156.7012,151.6,154.876,58487349.12
2/10/2020,160,163.998,150.48,154.256,123445798.1
2/7/2020,146.11,153.95,146,149.614,85317598.72
2/6/2020,139.984,159.166,137.4,149.792,199403767
2/5/2020,164.652,169.196,140.8221,146.94,242119196.4
2/4/2020,176.592,193.798,166.776,177.412,304693805.4
2/3/2020,134.738,157.228,134.704,156,236167496.5
1/31/2020,128,130.6,126.504,130.114,78596353.82
1/30/2020,126.484,130.176,123.6,128.162,145028397.8
1/29/2020,115.138,117.96,113.486,116.198,91083348.63
1/28/2020,113.698,115.362,111.616,113.38,58942449.12
1/27/2020,108.398,112.888,107.856,111.604,68040353.98
1/24/2020,114.126,114.772,110.852,112.964,71767998.92
1/23/2020,112.85,116.4,111.1205,114.44,98255193.53
1/22/2020,114.378,118.9,111.82,113.912,156845142.6
1/21/2020,106.05,109.716,105.682,109.44,89017353.66
1/17/2020,101.522,103.134,100.632,102.1,68145353.98
1/16/2020,98.75,102.892,98.434,102.698,108683248.4
1/15/2020,105.952,107.568,103.3571,103.7,86844148.7
1/14/2020,108.851,109.482,104.98,107.584,145306902.8
1/13/2020,98.7,105.126,98.4,104.972,133172753
1/10/2020,96.358,96.988,94.74,95.63,64884149.03
1/9/2020,99.42,99.76,94.574,96.268,142315942.9
1/8/2020,94.74,99.698,93.646,98.428,155996952.7
1/7/2020,92.28,94.326,90.671,93.812,91045703.63
1/6/2020,88.094,90.312,88,90.308,50787499.24
1/3/2020,88.1,90.8,87.384,88.602,88973493.67
1/2/2020,84.9,86.1392,84.342,86.052,47791929.28
12/31/2019,81,84.258,80.416,83.666,51462299.23
12/30/2019,85.758,85.8,81.8518,82.94,63006349.05
12/27/2019,87,87.062,85.222,86.076,49784134.25
12/26/2019,85.582,86.696,85.27,86.188,53241449.2
12/24/2019,83.672,85.094,82.5375,85.05,40273599.4
12/23/2019,82.356,84.402,82,83.844,66664099
12/20/2019,82.058,82.6,80.037,81.118,73926048.89
12/19/2019,79.464,81.37,79.3,80.808,90601553.64
12/18/2019,76.126,79.044,76.116,78.63,70681953.94
12/17/2019,75.798,77.1,75.18,75.798,42518874.36
12/16/2019,72.51,76.722,72.5,76.3,91104693.63
12/13/2019,72.21,73.042,70.928,71.678,32445399.51
12/12/2019,70.984,72.548,70.646,71.936,38881054.42
12/11/2019,70.3753,71.438,70.218,70.54,34595809.48
12/10/2019,67.992,70.146,67.862,69.768,44199754.34
12/9/2019,67.318,68.89,67.016,67.906,45201084.32
12/6/2019,67,67.772,66.954,67.178,38094684.43
12/5/2019,66.566,66.8845,65.45,66.074,18684879.72
12/4/2019,67.55,67.572,66.57,66.606,27681274.58
12/3/2019,66.524,67.582,66.4372,67.24,33067379.5
12/2/2019,65.88,67.2765,65.7374,66.974,30409929.54
11/29/2019,66.222,66.252,65.5,65.988,12328144.82
11/27/2019,66.224,66.786,65.714,66.258,27817294.58
11/26/2019,67.054,67.1,65.42,65.784,39781194.4
11/25/2019,68.864,68.914,66.892,67.268,61728849.07
11/22/2019,68.032,68.2,66,66.608,84353203.73
11/21/2019,70.902,72.168,70.8008,70.966,30550064.54
11/20/2019,72,72.24,69.914,70.444,33669824.49
11/19/2019,70.35,71.998,69.56,71.904,38680389.42
11/18/2019,70.5834,70.63,69.22,69.998,22042524.67
11/15/2019,70.128,70.56,69.672,70.434,24062814.64
11/14/2019,69.222,70.768,68.582,69.87,32358514.51
11/13/2019,71,71.266,69.036,69.222,42339314.36
11/12/2019,69.38,70.074,68.808,69.986,36796914.45
11/11/2019,68.79,69.838,68.4,69.018,49968444.25
11/8/2019,66.9,67.492,66.5,67.428,30371104.54
11/7/2019,65.828,68.3,65.604,67.108,72336753.91
11/6/2019,63.6,65.344,62.9,65.316,39704659.4
11/5/2019,63.924,64.702,63.2236,63.444,34717084.48
11/4/2019,62.96,64.388,61.852,63.494,43935199.34
11/1/2019,63.264,63.296,61.96,62.662,31919644.52
10/31/2019,62.62,63.8,62.6,62.984,25334779.62
10/30/2019,62.6,63.758,61.994,63.002,48209049.28
10/29/2019,63.998,64.86,62.95,63.244,63421349.05
10/28/2019,65.508,68.168,64.52,65.542,94351443.58
10/25/2019,59.544,66,59.222,65.626,150030447.7
10/24/2019,59.674,60.986,57.84,59.936,149096147.8
10/23/2019,50.9,51.228,50.27,50.936,56080899.16
10/22/2019,50.864,51.666,50.17,51.116,23125474.65
10/21/2019,51.666,51.9,50.036,50.7,25540504.62
10/18/2019,52.14,52.56,51.02,51.39,28768329.57
10/17/2019,52.5,52.956,52.034,52.394,23895214.64
10/16/2019,51.478,52.42,51.384,51.95,33521514.5
10/15/2019,51.54,52,50.824,51.578,32397279.51
10/14/2019,49.58,51.71,49.426,51.392,51134299.23
10/11/2019,49.43,50.216,49.362,49.578,42440794.36
10/10/2019,49.056,49.856,48.316,48.948,31567084.53
10/9/2019,48.264,49.459,48.13,48.906,34675164.48
10/8/2019,47.174,48.788,46.9,48.01,43511689.35
10/7/2019,45.96,47.712,45.71,47.544,40434784.39
10/4/2019,46.322,46.956,45.614,46.286,40105899.4
10/3/2019,46.372,46.896,44.856,46.606,75688798.86
10/2/2019,48.658,48.93,47.886,48.626,31282739.53
10/1/2019,48.3,49.19,47.826,48.938,30981449.54
9/30/2019,48.6,48.796,47.2222,48.174,29730804.55
9/27/2019,48.44,49.742,47.746,48.426,55615899.17
9/26/2019,46.132,48.662,45.48,48.512,60393949.09
9/25/2019,44.912,45.796,43.672,45.74,47221429.29
9/24/2019,48.304,48.398,44.522,44.642,64705549.03
9/23/2019,48,49.0359,47.844,48.246,21958149.67
9/20/2019,49.298,49.3892,47.632,48.124,32531319.51
9/19/2019,49.2,49.588,48.968,49.32,24415674.63
9/18/2019,49,49.6337,48.474,48.698,21140514.68
9/17/2019,48.494,49.12,48.074,48.958,19734544.7
9/16/2019,49.2,49.486,48.234,48.562,23640479.65
9/13/2019,49.392,49.69,48.973,49.04,26565724.6
9/12/2019,49.54,50.7,48.88,49.174,42906049.36
9/11/2019,47.476,49.6348,47.2,49.42,50213899.25
9/10/2019,46.16,47.108,45.788,47.108,24418569.63
9/9/2019,46,46.752,45.846,46.358,24013344.64
9/6/2019,45.44,45.928,45.034,45.49,20946859.69
9/5/2019,44.5,45.96,44.17,45.916,37016604.44
9/4/2019,45.378,45.692,43.841,44.136,28843479.57
9/3/2019,44.816,45.79,44.632,45.002,26802729.6
8/30/2019,45.83,46.488,44.8426,45.122,46638874.3
8/29/2019,43.8,44.68,43.6,44.342,25915519.61
8/28/2019,42.738,43.45,42.462,43.118,16193124.76
8/27/2019,43.148,43.76,42.406,42.816,27103634.59
8/26/2019,42.72,43.004,42.308,43,25272069.62
8/23/2019,43.994,44.234,42.2,42.28,42798519.36
8/22/2019,44.56,45.08,43.644,44.43,32824819.51
8/21/2019,44.402,44.644,43.52,44.166,38998719.42
8/20/2019,45.524,45.818,44.908,45.172,20852634.69
8/19/2019,44.842,45.566,44.34,45.366,26558739.6
8/16/2019,43.332,44.448,43.204,43.988,26036879.61
8/15/2019,44.172,44.312,42.31,43.128,41159759.38
8/14/2019,46.242,46.3,43.338,43.924,47812954.28
8/13/2019,45.762,47.2,45.51,47,24344989.63
8/12/2019,46.598,47.154,45.75,45.802,23319684.65
8/9/2019,47.2108,47.792,46.762,47.002,19491219.71
8/8/2019,46.89,47.96,46.53,47.66,26371744.6
8/7/2019,45.3,46.7138,45.16,46.684,23882499.64
8/6/2019,46.376,46.5,45.15,46.15,27820999.58
8/5/2019,45.92,46.2735,45.155,45.664,35141394.47
8/2/2019,46.27,47.254,45.846,46.868,30682404.54
8/1/2019,48.53,48.902,46.354,46.77,41297579.38
7/31/2019,48.6,49.336,47.33,48.322,45891039.31
7/30/2019,46.58,48.672,46.436,48.452,40545069.39
7/29/2019,45.418,47.188,45.2065,47.154,46366654.3
7/26/2019,45.384,46.052,44.45,45.608,50138499.25
7/25/2019,46.7,46.9,45.11,45.764,112091248.3
7/24/2019,51.834,53.214,51.632,52.976,55364199.17
7/23/2019,51.342,52.096,50.9,52.034,25115604.62
7/22/2019,51.75,52.431,50.8382,51.136,34231364.49
7/19/2019,51.138,51.992,50.924,51.636,35242049.47
7/18/2019,51.01,51.15,50.377,50.708,23822414.64
7/17/2019,51.134,51.662,50.67,50.972,48823634.27
7/16/2019,49.86,50.706,49.5865,50.476,40744944.39
7/15/2019,49.6,50.884,48.972,50.7,55000449.17
7/12/2019,47.95,49.076,47.942,49.016,46002604.31
7/11/2019,47.628,48.3,47.16,47.72,37572149.44
7/10/2019,46.83,47.788,46.628,47.784,45728679.31
7/9/2019,45.794,46.2,45.456,46.012,30954174.54
7/8/2019,46.248,46.45,45.732,46.068,29402709.56
7/5/2019,46.914,47.09,46.16,46.62,35328684.47
7/3/2019,47.878,48.314,46.902,46.98,71005753.93
7/2/2019,45.778,45.83,44.444,44.91,46295134.31
7/1/2019,46.042,46.6199,45.256,45.434,41189819.38
6/28/2019,44.198,45.034,44.16,44.692,34256919.49
6/27/2019,43.89,44.58,43.47,44.568,31698549.52
6/26/2019,44.062,45.446,43.62,43.854,42536039.36
6/25/2019,44.878,45.068,43.898,43.952,30910354.54
6/24/2019,44.648,45.172,44.204,44.728,28753854.57
6/21/2019,43.244,44.436,43.1,44.372,41010384.38
6/20/2019,44.6,45.38,43.27,43.924,59317299.11
6/19/2019,45.022,45.554,44.212,45.286,32875674.51
6/18/2019,45.744,46.948,44.512,44.948,63578949.05
6/17/2019,43.096,45.4,42.854,45.006,61583999.08
6/14/2019,42.25,43.33,42.08,42.984,37167004.44
6/13/2019,42.076,42.98,41.5021,42.782,40841299.39
6/12/2019,44.59,44.676,41.8,41.852,75987693.86
6/11/2019,43.8288,44.18,42.7,43.42,58267699.13
6/10/2019,42.05,43.388,41.802,42.576,52925199.21
6/7/2019,41,42.1688,40.6998,40.9,80017648.8
6/6/2019,40.888,42.2,40.36,41.19,101210748.5
6/5/2019,39.736,40.2556,38.3697,39.318,67553798.99
6/4/2019,36.22,38.796,35.922,38.72,69037598.96
6/3/2019,37.102,37.336,35.3984,35.794,65322049.02
5/31/2019,37.02,37.9841,36.82,37.032,52033649.22
5/30/2019,37.75,38.451,37.404,37.644,39632379.41
5/29/2019,37.42,38.478,37.008,37.972,59843199.1
5/28/2019,38.24,39,37.57,37.74,51564499.23
5/24/2019,39.966,39.996,37.7501,38.126,70682848.94
5/23/2019,38.868,39.893,37.244,39.098,132735703
5/22/2019,39.82,40.788,38.356,38.546,93425943.6
5/21/2019,39.552,41.48,39.208,41.016,90019498.65
5/20/2019,40.56,41.2,39.05,41.072,102630993.5
5/17/2019,44.392,44.448,41.784,42.206,88933348.67
5/16/2019,45.898,46.2,45.3,45.666,37416364.44
5/15/2019,45.864,46.488,45.05,46.39,36479879.45
5/14/2019,45.86,46.9,45.6,46.462,36262059.46
5/13/2019,46.402,46.494,44.9,45.402,54173999.19
5/10/2019,47.95,48.398,47.204,47.904,35041679.47
5/9/2019,48.4,48.736,47.3887,48.396,33556904.5
5/8/2019,49.388,50.1198,48.84,48.968,30882199.54
5/7/2019,51.36,51.442,49.02,49.412,50657049.24
5/6/2019,50.004,51.67,49.7,51.068,54169699.19
5/3/2019,48.772,51.322,48.698,51.006,118533848.2
5/2/2019,49.104,49.426,47.544,48.82,90796698.64
5/1/2019,47.77,48,46.3,46.802,53521749.2
4/30/2019,48.412,48.842,47.4,47.738,47323139.29
4/29/2019,47.172,48.796,46.434,48.294,83572398.75
4/26/2019,49.3,49.336,46.226,47.028,111803553.3
4/25/2019,51,51.8,49.214,49.526,109246953.4
4/24/2019,52.77,53.064,51.6,51.732,53637249.2
4/23/2019,52.03,53.12,51.15,52.78,54719299.18
4/22/2019,53.8,53.936,52.496,52.55,60735699.09
4/18/2019,54.246,54.968,53.95,54.652,29381624.56
4/17/2019,54.95,54.958,53.707,54.246,25632339.62
4/16/2019,53.15,55,52.944,54.672,36364649.45
4/15/2019,53.726,53.776,51.726,53.276,50192899.25
4/12/2019,54.044,54.39,53.366,53.54,33729869.49
4/11/2019,53.66,54.1,53.12,53.684,49179634.26
4/10/2019,55.348,55.676,54.5785,55.212,35306564.47
4/9/2019,54.33,55,53.922,54.462,29520154.56
4/8/2019,55.538,56.232,54.088,54.64,52052199.22
4/5/2019,53.972,55.22,53.222,54.992,65191299.02
4/4/2019,52.378,54.24,52.118,53.556,118603648.2
4/3/2019,57.464,59.234,57.434,58.362,39649319.41
4/2/2019,57.66,57.888,56.776,57.176,27394699.59
4/1/2019,56.524,57.84,56.2562,57.836,40552194.39
3/29/2019,55.74,56.032,54.9,55.972,29956689.55
3/28/2019,55.432,56.066,55.02,55.724,33870464.49
3/27/2019,53.75,55.074,53.6368,54.966,43895829.34
3/26/2019,52.888,54.052,52.886,53.554,36754739.45
3/25/2019,51.942,52.636,50.892,52.084,51075149.23
3/22/2019,54.516,54.56,52.8,52.906,43728044.34
3/21/2019,54.52,55.29,53.69,54.804,29735489.55
3/20/2019,53.938,54.994,53.26,54.72,34541119.48
3/19/2019,53.5,54.66,52.692,53.494,59003149.11
3/18/2019,55.2,55.61,53.46,53.898,51404899.23
3/15/2019,56.702,56.7449,54.88,55.086,73927648.89
3/14/2019,58.49,59.078,57.658,57.992,35517234.47
3/13/2019,56.78,58.398,56.54,57.792,34223599.49
3/12/2019,57.298,57.614,56.212,56.672,37520684.44
3/11/2019,56.704,58.256,56.1,58.184,36961384.45
3/8/2019,55.382,57.118,55.178,56.828,44098124.34
3/7/2019,55.768,56.94,54.85,55.318,47212414.29
3/6/2019,55.296,56.3012,54.878,55.248,51677449.22
3/5/2019,56.4,56.8,54.02,55.308,93823698.59
3/4/2019,59.624,59.8,56.556,57.072,85484098.72
3/1/2019,61.388,61.426,58.38,58.958,114556903.3
2/28/2019,63.784,64,62.162,63.976,52603249.21
2/27/2019,60.356,63.259,60.11,62.948,55919549.16
2/26/2019,58.444,60.402,57.754,59.572,42912674.36
2/25/2019,59.582,60.5809,59.4001,59.754,33132609.5
2/22/2019,58.898,59.3,58.42,58.942,28702789.57
2/21/2019,60.362,60.648,58.1,58.246,44545909.33
2/20/2019,60.882,61.26,59.8,60.512,35710584.46
2/19/2019,61.312,62.3088,61.094,61.128,20842214.69
2/15/2019,60.9,61.6,60.78,61.576,19524734.71
2/14/2019,60.676,61.354,60.2,60.754,26004159.61
2/13/2019,62.47,62.55,61.114,61.634,25708084.61
2/12/2019,63.24,63.638,61.924,62.362,27587849.59
2/11/2019,62.32,63.72,62.1,62.568,35648564.47
2/8/2019,61.366,61.489,59.7,61.16,29221059.56
2/7/2019,62.66,62.94,60.6,61.502,32603054.51
2/6/2019,63.918,64.848,63.1248,63.444,25192729.62
2/5/2019,62.498,64.488,62.4499,64.27,33713824.49
2/4/2019,62.596,63.06,60.376,62.578,36760409.45
2/1/2019,61.084,63.22,60.7,62.442,36417204.45
1/31/2019,60.2,62.3127,58.8,61.404,62846249.06
1/30/2019,60.09,61.8,59.698,61.754,56251599.16
1/29/2019,59.054,59.7113,58.36,59.492,23108459.65
1/28/2019,58.582,59.492,57.55,59.276,32116394.52
1/25/2019,58.878,59.7039,57.91,59.408,36290389.46
1/24/2019,56.606,58.736,55.8566,58.302,40060774.4
1/23/2019,58.5,58.9,56.338,57.518,62649949.06
1/22/2019,60.964,61.6,59.1,59.784,60333699.09
1/18/2019,64.6,65.4259,59.946,60.452,120753798.2
1/17/2019,69.242,70.3,68.83,69.462,18383664.72
1/16/2019,68.956,70.4,68.7,69.21,23458694.65
1/15/2019,67,69.76,66.9,68.886,30282949.55
1/14/2019,68.476,68.5,66.8,66.88,26236419.61
1/11/2019,68.418,69.682,67.754,69.452,25195259.62
1/10/2019,66.88,69.078,66.358,68.994,30281769.55
1/9/2019,67.1,68.7005,66.294,67.706,27164724.59
1/8/2019,68.392,68.802,65.404,67.07,35042579.47
1/7/2019,64.344,67.348,63.5502,66.992,37756124.43
1/4/2019,61.2,63.6,60.546,63.538,36970579.45
1/3/2019,61.4,61.88,59.476,60.072,34825919.48
1/2/2019,61.22,63.026,59.76,62.024,58293249.13
12/31/2018,67.558,67.842,65.052,66.56,31511689.53
12/28/2018,64.62,67.248,63.682,66.774,49694959.25
12/27/2018,63.968,64.4343,60.3,63.226,42875664.36
12/26/2018,60,65.394,58.818,65.218,40815689.39
12/24/2018,62.7,62.9,59.039,59.078,27799564.58
12/21/2018,63.48,64.694,62.488,63.954,40084004.4
12/20/2018,65.4108,66.058,62.3738,63.076,45359289.32
12/19/2018,67.52,69.402,65.948,66.594,41370904.38
12/18/2018,70.108,70.31,66.738,67.406,35499999.47
12/17/2018,72.4,73.14,68.776,69.684,38370039.42
12/14/2018,75,75.574,72.866,73.142,31687774.52
12/13/2018,74.03,75.488,73.35,75.358,36829269.45
12/12/2018,73.884,74.382,73.032,73.32,25135239.62
12/11/2018,73.982,74.4338,72.046,73.352,31543844.53
12/10/2018,72,73.196,70.624,73.03,33067274.5
12/7/2018,73.8,75.898,71.53,71.593,57555899.14
12/6/2018,71.202,73.476,70.152,72.612,39212539.41
12/4/2018,71.21,73.736,70.4,71.94,42309724.37
12/3/2018,72,73.2,70.4,71.698,41532559.38
11/30/2018,68.366,70.32,67.653,70.096,28144474.58
11/29/2018,69.4,69.5,67.91,68.234,15403619.77
11/28/2018,69.198,69.656,68.442,69.574,20637889.69
11/27/2018,68.01,69.392,67.1,68.784,31791499.52
11/26/2018,65,69.244,65,69.2,39960704.4
11/23/2018,66.869,67.5,65.11,65.166,21013209.68
11/21/2018,70.4,70.62,67.4799,67.638,23434039.65
11/20/2018,68.35,69.96,66.71,69.498,40023544.4
11/19/2018,71.268,73.35,70.576,70.694,48544354.27
11/16/2018,69.038,71.14,69.024,70.862,36030954.46
11/15/2018,68.466,69.716,67.808,69.688,23128594.65
11/14/2018,68.54,69.422,67.43,68.8,25201434.62
11/13/2018,66.632,68.94,66.44,67.746,27242984.59
11/12/2018,69.674,69.956,66.068,66.256,34707614.48
11/9/2018,69.8,70.8,69.046,70.102,25494229.62
11/8/2018,69.7,71.5151,69.688,70.28,35453364.47
11/7/2018,68.668,70.236,68.16,69.632,36872604.45
11/6/2018,67.814,69.76,67.218,68.212,33814444.49
11/5/2018,68.1,68.791,66.028,68.28,39155239.41
11/2/2018,68.748,69.84,68.182,69.282,39039859.41
11/1/2018,67.652,69.568,66.945,68.856,40000659.4
10/31/2018,66.508,68.4,65.82,67.464,38121739.43
10/30/2018,65.678,67.58,64.452,65.98,45633519.32
10/29/2018,67.494,69.432,65.3,66.97,72430153.91
10/26/2018,61.65,67.98,61.33,66.18,137127597.9
10/25/2018,63.444,64.2,60.202,62.972,104203603.4
10/24/2018,60.21,60.888,57.146,57.7,100291298.5
10/23/2018,52.774,59.586,52.42,58.828,95138748.57
10/22/2018,52.136,52.372,50.518,52.19,28001299.58
10/19/2018,53.478,53.932,50.7,52,46877744.3
10/18/2018,53.858,54.2,52.6,52.782,27105919.59
10/17/2018,56.48,56.54,53.1606,54.356,43277709.35
10/16/2018,53.14,55.475,52.448,55.318,47632004.29
10/15/2018,51.812,52.656,50.9073,51.918,30999824.54
10/12/2018,52.2,52.398,50.402,51.756,36007019.46
10/11/2018,51.506,52.45,49.806,50.446,40838684.39
10/10/2018,52.922,53.102,49.554,51.376,64076399.04
10/9/2018,51.05,53.354,50.66,52.56,60302849.1
10/8/2018,52.904,53.552,49.8,50.112,67363248.99
10/5/2018,54.93,54.976,52,52.39,89722693.65
10/4/2018,58.79,58.8,55.534,56.366,49071059.26
10/3/2018,60.666,60.92,58.314,58.96,39974939.4
10/2/2018,62.79,63.368,59.83,60.204,58717549.12
10/1/2018,61.154,62.288,60.21,62.14,108887998.4
9/28/2018,54.052,55.6,52.111,52.954,168248437.5
9/27/2018,62.58,62.992,61.382,61.504,42545419.36
9/26/2018,60.382,62.778,60.2219,61.916,39216079.41
9/25/2018,60,60.92,59.3,60.198,22408644.66
9/24/2018,59.696,60.5999,58.716,59.936,24214804.64
9/21/2018,59.54,60.116,59.074,59.82,25252389.62
9/20/2018,60.712,61.196,58.666,59.666,36747104.45
9/19/2018,56.102,60,56.1,59.804,41474584.38
9/18/2018,59.338,60.528,55.1,56.992,82737598.76
9/17/2018,58.008,60.174,57.626,58.968,34437884.48
9/14/2018,57.752,59.4651,57.304,59.04,33828059.49
9/13/2018,57.604,59,57.036,57.892,31701679.52
9/12/2018,56.288,58.5,55.7293,58.108,50077149.25
9/11/2018,55.894,56.4,54.71,55.888,45849944.31
9/10/2018,54.652,57.206,54.2,57.1,71417648.93
9/7/2018,52.02,53.67,50.451,52.648,112459648.3
9/6/2018,56.96,58.234,55.776,56.19,37403799.44
9/5/2018,57.01,57.356,55.436,56.148,38604104.42
9/4/2018,59.388,59.638,57.6,57.79,41752344.37
8/31/2018,60.4,61.0616,59.72,60.332,26875519.6
8/30/2018,60.452,60.92,59.544,60.63,36083529.46
8/29/2018,62.054,62.37,60.738,61.002,37236959.44
8/28/2018,63.682,63.776,62.238,62.372,38245454.43
8/27/2018,63.6,64.487,61.762,63.854,65396449.02
8/24/2018,64.14,64.77,63.88,64.564,18012819.73
8/23/2018,63.828,65.464,63.62,64.02,25736429.61
8/22/2018,64.174,64.776,62.934,64.328,29729774.55
8/21/2018,62.122,64.958,61.8,64.38,65861149.01
8/20/2018,58.3408,61.7,57.64,61.688,87011698.69
8/17/2018,64.7,65.354,60.706,61.1,94793043.58
8/16/2018,67.982,68.456,66.764,67.09,30320164.55
8/15/2018,68.3812,68.898,66.428,67.738,45506289.32
8/14/2018,71.69,71.8399,69.42,69.528,34932139.48
8/13/2018,72.226,72.638,69.804,71.282,52319399.22
8/10/2018,70.8,72,69.2,71.098,57760199.13
8/9/2018,73.11,73.402,69.146,70.49,85919053.71
8/8/2018,73.818,76.528,73.424,74.068,122855798.2
8/7/2018,68.768,77.492,67.83,75.914,154378847.7
8/6/2018,69.092,70.996,68.364,68.398,42821654.36
8/3/2018,69.562,71,68.506,69.634,68282448.98
8/2/2018,65.688,69.998,64.632,69.908,116074803.3
8/1/2018,59.598,60.6,58.6,60.168,50647149.24
7/31/2018,58.45,59.664,57.814,59.628,25384579.62
7/30/2018,59.18,59.22,57.226,58.034,34070359.49
7/27/2018,61.45,61.5387,59.0681,59.436,28516629.57
7/26/2018,60.97,62.14,60.7282,61.33,23152609.65
7/25/2018,59.348,61.924,58.9005,61.748,35470899.47
7/24/2018,60.8842,61.5434,58.509,59.486,47953919.28
7/23/2018,60.368,61.1,58.572,60.64,54964749.18
7/20/2018,64.246,64.648,62.3419,62.716,25832734.61
7/19/2018,63.266,64.708,62.802,64.046,29576724.56
7/18/2018,65,65.1,63.25,64.77,28121054.58
7/17/2018,61.762,64.948,61.7,64.538,34981159.48
7/16/2018,62.342,63.032,61.25,62.02,39093274.41
7/13/2018,63.116,63.917,61.85,63.774,29378849.56
7/12/2018,64.286,64.646,62.554,63.342,28605829.57
7/11/2018,63.16,64.388,63.014,63.792,24420379.63
7/10/2018,64.912,65.5354,63.84,64.494,47357489.29
7/9/2018,62.398,63.704,61.6,63.702,37983764.43
7/6/2018,60.991,62.414,60.4,61.78,44327254.34
7/5/2018,62.752,62.878,59.244,61.832,87381843.69
7/3/2018,66.35,66.498,61.938,62.172,61413199.08
7/2/2018,72.014,72.956,65.97,67.014,93798848.59
6/29/2018,70.666,70.772,68.482,68.59,32461979.51
6/28/2018,69.732,71.404,69.222,69.986,41990024.37
6/27/2018,69,70.158,67.9,68.9,41668639.37
6/26/2018,67.2108,68.71,65.1598,68.4,37262434.44
6/25/2018,66.024,67.694,65.5,66.602,34656519.48
6/22/2018,70.308,70.45,66.4,66.726,51330299.23
6/21/2018,72.4,73.2428,69.254,69.502,39835724.4
6/20/2018,71.608,72.876,70.4,72.444,41918279.37
6/19/2018,73.032,74,69.25,70.51,63809499.04
6/18/2018,71.08,74.746,70.9,74.166,60366149.09
6/15/2018,70.768,72.934,70.25,71.634,54241249.19
6/14/2018,69.526,71.75,69.32,71.544,54905099.18
6/13/2018,69.3412,69.44,67.96,68.956,47349019.29
6/12/2018,68.94,70.994,67.6,68.554,111736998.3
6/11/2018,64.502,66.932,64.5,66.42,65917349.01
6/8/2018,63.8,64.896,63.43,63.532,41026004.38
6/7/2018,63.23,66,62.716,63.218,71726353.92
6/6/2018,60.1,64.434,59.496,63.9,93836348.59
6/5/2018,59.54,59.56,57.348,58.226,29975784.55
6/4/2018,58.868,59.8,58.7096,59.348,23989049.64
6/1/2018,57.172,58.39,56.7678,58.364,27121929.59
5/31/2018,57.442,58.074,56.586,56.946,29598604.56
5/30/2018,56.658,59.001,56.32,58.344,37448429.44
5/29/2018,55.702,57.3,55.23,56.752,28333199.58
5/25/2018,55.525,55.928,55.122,55.77,19375409.71
5/24/2018,55.68,56.222,54.978,55.57,20883539.69
5/23/2018,55.552,55.982,54.8,55.814,29925264.55
5/22/2018,57.5524,57.6,54.6844,55.002,44728779.33
5/21/2018,56.266,58.298,56.26,56.898,45912854.31
5/18/2018,56.93,56.93,54.8,55.364,36259439.46
5/17/2018,57.18,57.8375,56.794,56.908,22103059.67
5/16/2018,56.766,57.762,56.312,57.296,28370094.57
5/15/2018,57.002,57.392,56.1,56.836,47595539.29
5/14/2018,60.664,60.988,58.324,58.394,36434019.45
5/11/2018,61.54,61.776,59.816,60.212,23398244.65
5/10/2018,61.4999,62.598,60.8224,61.004,28257804.58
5/9/2018,60.082,61.402,60.01,61.37,28636824.57
5/8/2018,60.159,61.55,59.8,60.394,29649999.56
5/7/2018,59.5,61.1918,59.034,60.554,43391119.35
5/4/2018,56.6,59.372,55.904,58.818,42846769.36
5/3/2018,55.758,57.608,55.046,56.89,86760653.7
5/2/2018,59.714,61.37,59.5569,60.23,44851849.33
5/1/2018,58.702,60.164,58.644,59.984,23128014.65
4/30/2018,58.722,59.746,58.5,58.78,21140859.68
4/27/2018,57.074,58.894,56.766,58.815,21823129.67
4/26/2018,55.75,57.158,55.3,57.096,21780064.67
4/25/2018,56.7,57.032,55.45,56.138,20067869.7
4/24/2018,57,57.418,55.692,56.692,28426539.57
4/23/2018,58.258,58.324,56.466,56.674,24466889.63
4/20/2018,59.034,59.996,57.95,58.048,28139639.58
4/19/2018,58.216,60.202,57.71,60.016,30452994.54
4/18/2018,58.216,60.048,57.632,58.67,32788499.51
4/17/2018,57.774,58.434,56.502,57.538,35000114.47
4/16/2018,59.8,59.932,57.802,58.242,31692439.52
4/13/2018,60.72,60.79,59.196,60.068,36636119.45
4/12/2018,60.464,60.79,58.736,58.816,38043844.43
4/11/2018,60.148,61.796,59.932,60.186,37414724.44
4/10/2018,59.794,61.42,58.736,60.94,55121299.17
4/9/2018,60.074,61.9,57.842,57.932,51249049.23
4/6/2018,60.2,61.856,59.1,59.86,67601448.99
4/5/2018,57.868,61.252,57.64,61.144,95605498.57
4/4/2018,50.556,57.674,50.4,57.388,99483748.51
4/3/2018,53.964,54.67,50.898,53.506,94221903.59
4/2/2018,51.252,52.0664,48.918,50.496,80569848.79
3/29/2018,51.298,54.192,49.642,53.226,75853753.86
3/28/2018,52.916,53.736,50.42,51.556,105007193.4
3/27/2018,60.8,60.854,55.436,55.836,69360153.96
3/26/2018,61.468,61.518,58.272,60.836,41875879.37
3/23/2018,62.25,62.322,60.09,60.308,33274494.5
3/22/2018,62.778,63.764,61.636,61.82,24698854.63
3/21/2018,62.05,64.488,62.038,63.306,29792054.55
3/20/2018,62.974,63.25,61.752,62.11,23821464.64
3/19/2018,63.3,64.15,61.934,62.712,37421464.44
3/16/2018,65.192,65.48,63.814,64.27,30586394.54
3/15/2018,65.876,66.57,64.22,65.12,32824004.51
3/14/2018,67.352,67.962,64.786,65.326,39836849.4
3/13/2018,68.984,69.024,67.2527,68.368,29829024.55
3/12/2018,65.722,69.442,65.3,69.102,41320174.38
3/9/2018,64.82,65.698,64.474,65.434,27533819.59
3/8/2018,66.572,66.66,65.2548,65.82,17831219.73
3/7/2018,65.088,66.5,64.348,66.46,25036484.62
3/6/2018,66.75,67.274,65.406,65.64,21428719.68
3/5/2018,66.478,67.55,65.8586,66.67,19118844.71
3/2/2018,65.396,67.044,64.594,67.024,25464144.62
3/1/2018,69.002,69.734,66.014,66.186,34428004.48
2/28/2018,70.514,71.048,68.444,68.612,30348289.54
2/27/2018,71.25,71.998,70.002,70.198,23987094.64
2/26/2018,70.7,71.8,70.471,71.484,21699924.67
2/23/2018,69.566,70.998,69.42,70.41,29086934.56
2/22/2018,67.106,69.488,66.95,69.234,34849039.48
2/21/2018,67.206,67.9386,66.634,66.66,16098244.76
2/20/2018,66.894,68.168,66.3,66.954,20047174.7
2/16/2018,66.5,68.624,66.328,67.098,28213184.58
2/15/2018,64.9,66.824,64.48,66.813,29564584.56
2/14/2018,64.168,65.234,63.704,64.462,19753714.7
2/13/2018,63.004,64.838,62.5021,64.732,22801154.66
2/12/2018,63.226,63.616,61.25,63.146,31139109.53
2/9/2018,63.986,64.1969,58.952,62.084,64668599.03
2/8/2018,68.662,69.724,62.92,63.046,51572849.23
2/7/2018,67.798,69.2,67.132,69,34846194.48
2/6/2018,65.042,67.244,64.7,66.794,25442189.62
2/5/2018,67.594,68.894,66.6,66.626,22320734.67
2/2/2018,69.688,70.39,68.102,68.75,18524179.72
2/1/2018,70.2,71.932,69.726,69.85,20988434.69
1/31/2018,69.502,71.238,69.038,70.862,31070344.53
1/30/2018,69.028,69.654,68.434,69.164,23588499.65
1/29/2018,67.97,70.17,67.656,69.906,23735744.64
1/26/2018,68.3,68.8,67.142,68.57,22696779.66
1/25/2018,69.654,69.84,67.28,67.528,33701519.49
1/24/2018,70.916,70.95,68.704,69.178,26437389.6
1/23/2018,72,72.1,70.2,70.558,27327069.59
1/22/2018,69.88,71.566,69.84,70.312,31051799.53
1/19/2018,69,70.118,68.52,70.004,24441514.63
1/18/2018,69.134,70.46,68.748,68.914,28429224.57
1/17/2018,68.094,69.8,67.95,69.432,35517524.47
1/16/2018,67.508,69,66.96,68.012,32371254.51
1/12/2018,67.726,68.082,66.734,67.244,24125294.64
1/11/2018,67.048,68.962,66.652,67.59,33227419.5
1/10/2018,66.44,67.4,66,66.96,21549629.68
1/9/2018,67.032,67.76,65.481,66.738,35733154.46
1/8/2018,63.2,67.404,63.1,67.282,49297174.26
1/5/2018,63.324,63.448,62.4,63.316,22955899.66
1/4/2018,62.574,63.71,61.136,62.924,49731519.25
1/3/2018,64.2,65.05,63.11,63.45,22607634.66
1/2/2018,62.4,64.422,62.2,64.106,21761204.67
12/29/2017,63.236,63.282,62,62.27,18885774.72
12/28/2017,62.35,63.164,61.908,63.072,21581734.68
12/27/2017,63.2,63.536,62.15,62.328,23560554.65
12/26/2017,64.766,64.788,63.316,63.458,21892064.67
12/22/2017,65.902,66.1843,64.964,65.04,21079034.68
12/21/2017,65.918,66.748,65.442,66.332,21926109.67
12/20/2017,66.538,66.62,65.008,65.796,29768999.55
12/19/2017,68.052,68.2985,66.06,66.22,34124859.49
12/18/2017,68.98,69.346,67.516,67.774,27380829.59
12/15/2017,68.408,68.78,67.152,68.69,34665999.48
12/14/2017,68.202,69.488,67.38,67.578,28999579.57
12/13/2017,68.186,68.844,67.3,67.806,31107304.53
12/12/2017,66.09,68.288,66.006,68.206,43665994.35
12/11/2017,62.926,65.802,62.75,65.782,39689904.4
12/8/2017,62.92,63.396,62.252,63.026,17342289.74
12/7/2017,62.4,63.7268,62.21,62.248,23902984.64
12/6/2017,60.02,62.678,60,62.652,35976704.46
12/5/2017,60.4,61.6,60.2,60.74,23232599.65
12/4/2017,61.3,61.653,60.122,61.04,29175699.56
12/1/2017,61.088,62.064,61.01,61.306,21464339.68
11/30/2017,61.712,62.14,60.908,61.77,21757934.67
11/29/2017,63.46,63.6,60.246,61.508,43836989.34
11/28/2017,63.272,64,62.784,63.51,24747454.63
11/27/2017,62.65,63.468,61.902,63.362,22779469.66
11/24/2017,62.758,63.282,62.2,63.11,16220324.76
11/22/2017,63.354,63.484,62.368,62.52,24588179.63
11/21/2017,62.172,63.646,61.742,63.562,36306364.46
11/20/2017,62.758,63.1,60.95,61.748,41238244.38
11/17/2017,65.134,65.334,62.63,63.01,68675693.97
11/16/2017,62.798,63.628,62.26,62.5,29110364.56
11/15/2017,61.202,62.498,60.3,62.26,29893324.55
11/14/2017,63,63.27,61.38,61.74,28380379.57
11/13/2017,60.026,63.36,59.822,63.08,37924719.43
11/10/2017,60.5,61.672,60.37,60.598,23127144.65
11/9/2017,60.5,60.892,59.26,60.598,27235734.59
11/8/2017,61.1,61.378,60.26,60.878,23626354.65
11/7/2017,60.204,61.3,60.006,61.21,26471369.6
11/6/2017,61.4,61.5,59.802,60.556,32430044.51
11/3/2017,59.9,61.25,59.026,61.218,44469869.33
11/2/2017,60.026,61.738,58.526,59.852,98957098.52
11/1/2017,66.45,66.5218,64.052,64.216,42286679.37
10/31/2017,64.046,66.39,64.036,66.306,28361734.57
10/30/2017,63.836,64.756,63.45,64.016,21271889.68
10/27/2017,63.95,64.918,63.332,64.174,34898519.48
10/26/2017,65.556,66.046,64.64,65.234,25117499.62
10/25/2017,67.34,67.5,64.712,65.168,42970364.36
10/24/2017,67.76,68.56,67.232,67.468,22458359.66
10/23/2017,69.976,69.99,67.25,67.404,28736729.57
10/20/2017,70.538,70.91,68.868,69.02,24651974.63
10/19/2017,71.112,71.4293,69.64,70.362,25309214.62
10/18/2017,71.194,72.6,70.826,71.93,24695369.63
10/17/2017,70.182,71.244,70.014,71.15,16466724.75
10/16/2017,70.752,70.896,69.432,70.12,26877429.6
10/13/2017,71.396,71.698,70.736,71.114,17702664.73
10/12/2017,70.59,71.956,70.528,71.136,20435239.69
10/11/2017,70.778,71.52,70.23,70.92,22504154.66
10/10/2017,69.36,71.126,69.1061,71.118,34892479.48
10/9/2017,69.93,70.35,68.534,68.588,37468264.44
10/6/2017,70.62,72.0198,70.45,71.376,21487369.68
10/5/2017,71.2,71.487,70.27,71.066,20858374.69
10/4/2017,70.25,71.724,69.92,71.002,40817714.39
10/3/2017,67.18,69.71,66.256,69.628,50767999.24
10/2/2017,68.504,68.74,67.102,68.306,26433869.6
9/29/2017,68.372,68.936,67.7202,68.22,25535409.62
9/28/2017,67.976,68.55,67.08,67.92,26598084.6
9/27/2017,69.98,70.2978,68.1,68.194,30301649.55
9/26/2017,70.186,70.248,68.18,69.05,35781364.46
9/25/2017,70.63,71.4938,68.576,68.998,38029724.43
9/22/2017,73.298,73.98,70.176,70.218,40797084.39
9/21/2017,74.98,75.366,72.902,73.296,23090949.65
9/20/2017,74.6,75.6498,74.214,74.782,24595259.63
9/19/2017,76,76.478,74.714,75.02,32259429.52
9/18/2017,76.05,77.922,75.536,77,35939899.46
9/15/2017,74.902,76,74.54,75.962,27102479.59
9/14/2017,72.866,75.592,72.526,75.528,36012619.46
9/13/2017,72.764,73.614,71.918,73.246,20926154.69
9/12/2017,72.898,73.752,72.08,72.55,29864534.55
9/11/2017,70.27,72.742,70,72.738,38335279.42
9/8/2017,69.798,69.956,68.46,68.68,16317539.76
9/7/2017,69.196,70.496,68.69,70.122,21196064.68
9/6/2017,69.9,70.1958,68.312,68.906,20456754.69
9/5/2017,70.76,71.098,69.178,69.918,19241909.71
9/1/2017,71.224,71.518,70.738,71.08,15247729.77
8/31/2017,70.71,71.688,70.564,71.18,20363974.69
8/30/2017,69.934,70.694,69.4,70.636,17064714.74
8/29/2017,67.896,69.81,67.75,69.472,20368374.69
8/28/2017,69.456,69.47,67.944,69.132,18819779.72
8/25/2017,70.848,71.138,69.46,69.61,17419779.74
8/24/2017,70.504,71.332,69.948,70.586,22923434.66
8/23/2017,67.798,70.698,67.6608,70.554,24772519.63
8/22/2017,68.226,68.448,67.4745,68.27,21609829.68
8/21/2017,69.164,69.164,66.37,67.572,32477119.51
8/18/2017,70.582,70.8,69.16,69.492,27040914.59
8/17/2017,72.242,72.66,70.318,70.384,25138299.62
8/16/2017,72.6,73.3,72.504,72.582,17068864.74
8/15/2017,73.04,73.098,71.874,72.466,15425439.77
8/14/2017,72.926,73.532,72.52,72.76,22595929.66
8/11/2017,71.394,72.252,70.724,71.574,21828914.67
8/10/2017,72.32,73.3301,70.932,71.08,35464284.47
8/9/2017,72.2,74,71.79,72.706,34460479.48
8/8/2017,71.506,73.716,71.48,73.044,37249184.44
8/7/2017,71.47,71.896,70.55,71.034,31622399.53
8/4/2017,69.4,71.454,68.66,71.382,46344544.3
8/3/2017,69.066,70,68.63,69.418,67675153.98
8/2/2017,63.788,65.424,62.244,65.178,65457299.02
8/1/2017,64.6,64.89,63.226,63.914,41515509.38
7/31/2017,67.1,68.298,64.208,64.694,42675679.36
7/28/2017,67.378,67.92,66.502,67.014,24402069.63
7/27/2017,69.2,69.5,65.258,66.892,41512024.38
7/26/2017,68.072,69.1,67.624,68.77,24103949.64
7/25/2017,69,69.12,66.83,67.92,34945984.48
7/24/2017,66.048,68.6798,66.002,68.504,43185409.35
7/21/2017,65.892,66.2515,65.16,65.68,24508029.63
7/20/2017,65.38,66.044,64.84,65.984,25830939.61
7/19/2017,65.646,66.33,64.6439,65.052,31785069.52
7/18/2017,63.5,65.826,63.132,65.648,31868599.52
7/17/2017,65.108,65.42,62.69,63.914,49384559.26
7/14/2017,64.638,65.684,64.244,65.556,28126054.58
7/13/2017,66.022,66.32,63.994,64.682,42972329.36
7/12/2017,66.08,66.62,64.9,65.904,51730649.22
7/11/2017,63.2,65.456,62.86,65.444,57796999.13
7/10/2017,62.58,63.588,60.626,63.21,69104448.96
7/7/2017,62.7,63.4,61.476,62.644,70884598.94
7/6/2017,63.452,64.158,61.26,61.766,96622498.55
7/5/2017,69.44,69.448,65.266,65.418,85233493.72
7/3/2017,74.048,74.27,70.3,70.524,31527004.53
6/30/2017,72.742,73.3535,71.9237,72.322,29242604.56
6/29/2017,74.122,74.2,70.82,72.15,41105184.38
6/28/2017,73.336,74.348,72.504,74.248,31512314.53
6/27/2017,75.28,75.28,72.404,72.474,34981994.48
6/26/2017,77.338,77.39,74.62,75.498,33020494.5
6/23/2017,76.49,77.398,75.869,76.69,32228789.52
6/22/2017,75.598,77,74.714,76.522,37648884.44
6/21/2017,74.87,75.398,73.604,75.28,24616049.63
6/20/2017,75.334,75.776,73.946,74.448,37193504.44
6/19/2017,75,75.34,73.56,73.96,32746659.51
6/16/2017,75.595,75.602,74.02,74.28,33654864.5
6/15/2017,74.5,75.092,73.298,75.068,52132349.22
6/14/2017,76.217,76.85,75.262,76.132,64092149.04
6/13/2017,73.524,75.2,73.322,75.19,59039599.11
6/12/2017,71.598,72.9,70.124,71.802,52588299.21
6/9/2017,74.884,75.374,70.96,71.464,86307193.71
6/8/2017,72.75,74.38,72.044,74,45307479.32
6/7/2017,71.268,72.1,71.028,71.93,46989794.3
6/6/2017,68.94,71.8986,67.994,70.57,55433999.17
6/5/2017,67.7,69.688,66.842,69.464,33921839.49
6/2/2017,67.954,68.576,67.186,67.97,27951194.58
6/1/2017,68.8,68.976,67.458,68.074,38039979.43
5/31/2017,67.538,68.578,67.032,68.202,49817219.25
5/30/2017,65.2,67.256,65.152,67.02,38914579.42
5/26/2017,63.456,65.098,63.262,65.028,39010999.41
5/25/2017,62.204,63.394,61.562,63.366,25069814.62
5/24/2017,61.302,62.2,61.08,62.044,25208459.62
5/23/2017,62.092,62.146,60.696,60.772,21591769.68
5/22/2017,62.56,62.874,61.36,62.07,21645889.68
5/19/2017,63.1,63.3,62.04,62.166,23437859.65
5/18/2017,61.4,62.788,61.062,62.612,28269004.58
5/17/2017,62.878,62.926,61.1,61.222,33559699.5
5/16/2017,63.518,64.012,63.028,63.402,20762419.69
5/15/2017,63.676,64.04,62.506,63.176,38110019.43
5/12/2017,65.096,65.4,64.306,64.962,20608059.69
5/11/2017,64.68,65.2,63.92,64.62,23769094.64
5/10/2017,64.312,65.1,63.624,65.044,28708034.57
5/9/2017,61.876,64.398,61.82,64.252,48382684.27
5/8/2017,62.18,62.758,61.164,61.438,35032359.47
5/5/2017,59.6,61.71,59.36,61.67,40886739.39
5/4/2017,61.487,61.554,58.152,59.092,70760048.94
5/3/2017,63.534,64.306,62.09,62.204,35666824.46
5/2/2017,64.8,65.532,63.312,63.778,26913884.6
5/1/2017,62.976,65.45,62.962,64.566,44147824.34
4/28/2017,61.966,62.96,61.6,62.814,22527389.66
4/27/2017,62.338,62.618,61.5,61.726,17342844.74
4/26/2017,62.474,62.9,61.8,62.034,23475219.65
4/25/2017,61.6,62.796,61.172,62.758,33688539.49
4/24/2017,61.844,62.11,61.2043,61.606,25417524.62
4/21/2017,60.4,61.28,60.084,61.12,22548779.66
4/20/2017,61.302,61.83,60.046,60.502,30746759.54
4/19/2017,60.492,61.324,60.422,61.104,19490119.71
4/18/2017,59.94,60.168,59.58,60.05,15178489.77
4/17/2017,60.54,60.8,59.736,60.288,20693679.69
4/13/2017,59.34,61.478,59.06,60.8,46423169.3
4/12/2017,61.268,61.6896,59.264,59.368,30253409.55
4/11/2017,62.676,62.694,61.1,61.742,28622884.57
4/10/2017,61.83,62.746,61.742,62.478,38322289.43
4/7/2017,59.5,60.538,59.43,60.508,22898064.66
4/6/2017,59.376,60.388,58.82,59.74,27602939.59
4/5/2017,60.408,60.976,58.84,59,39404689.41
4/4/2017,59.378,60.962,58.906,60.74,50672799.24
4/3/2017,57.38,59.8,56.916,59.704,69443093.96
