DATE,WM2NS
1980-11-03,1595.2
1980-11-10,1601.2
1980-11-17,1602.9
1980-11-24,1594.8
1980-12-01,1599.8
1980-12-08,1605.3
1980-12-15,1606.3
1980-12-22,1602.5
1980-12-29,1601.8
1981-01-05,1620.7
1981-01-12,1616.7
1981-01-19,1614.4
1981-01-26,1599.8
1981-02-02,1601.0
1981-02-09,1610.7
1981-02-16,1611.8
1981-02-23,1609.0
1981-03-02,1615.7
1981-03-09,1629.4
1981-03-16,1633.5
1981-03-23,1630.9
1981-03-30,1637.5
1981-04-06,1663.6
1981-04-13,1669.5
1981-04-20,1672.1
1981-04-27,1657.1
1981-05-04,1657.3
1981-05-11,1659.1
1981-05-18,1655.8
1981-05-25,1648.4
1981-06-01,1656.7
1981-06-08,1667.5
1981-06-15,1671.1
1981-06-22,1665.4
1981-06-29,1661.8
1981-07-06,1688.5
1981-07-13,1687.5
1981-07-20,1685.6
1981-07-27,1679.3
1981-08-03,1687.4
1981-08-10,1699.3
1981-08-17,1695.9
1981-08-24,1690.5
1981-08-31,1693.3
1981-09-07,1706.4
1981-09-14,1714.4
1981-09-21,1706.1
1981-09-28,1697.7
1981-10-05,1722.1
1981-10-12,1729.4
1981-10-19,1729.5
1981-10-26,1720.8
1981-11-02,1728.3
1981-11-09,1740.8
1981-11-16,1743.8
1981-11-23,1735.2
1981-11-30,1744.6
1981-12-07,1759.2
1981-12-14,1759.1
1981-12-21,1760.2
1981-12-28,1758.2
1982-01-04,1780.1
1982-01-11,1783.3
1982-01-18,1776.5
1982-01-25,1761.4
1982-02-01,1762.5
1982-02-08,1767.9
1982-02-15,1767.1
1982-02-22,1761.3
1982-03-01,1765.5
1982-03-08,1779.6
1982-03-15,1782.9
1982-03-22,1779.7
1982-03-29,1780.8
1982-04-05,1808.5
1982-04-12,1816.3
1982-04-19,1813.8
1982-04-26,1799.4
1982-05-03,1795.3
1982-05-10,1805.0
1982-05-17,1804.9
1982-05-24,1801.9
1982-05-31,1808.8
1982-06-07,1825.5
1982-06-14,1828.9
1982-06-21,1822.6
1982-06-28,1813.3
1982-07-05,1836.5
1982-07-12,1840.6
1982-07-19,1834.4
1982-07-26,1828.1
1982-08-02,1834.5
1982-08-09,1847.1
1982-08-16,1848.2
1982-08-23,1844.2
1982-08-30,1843.9
1982-09-06,1859.5
1982-09-13,1867.0
1982-09-20,1860.8
1982-09-27,1848.5
1982-10-04,1869.8
1982-10-11,1877.6
1982-10-18,1878.0
1982-10-25,1869.8
1982-11-01,1877.5
1982-11-08,1890.6
1982-11-15,1893.7
1982-11-22,1887.5
1982-11-29,1887.8
1982-12-06,1901.5
1982-12-13,1900.9
1982-12-20,1915.9
1982-12-27,1921.4
1983-01-03,1945.4
1983-01-10,1966.3
1983-01-17,1967.8
1983-01-24,1960.8
1983-01-31,1963.5
1983-02-07,1983.4
1983-02-14,1986.3
1983-02-21,1984.3
1983-02-28,1989.0
1983-03-07,2008.8
1983-03-14,2010.2
1983-03-21,2009.6
1983-03-28,2006.0
1983-04-04,2033.0
1983-04-11,2041.8
1983-04-18,2037.2
1983-04-25,2022.9
1983-05-02,2022.0
1983-05-09,2032.3
1983-05-16,2034.8
1983-05-23,2030.6
1983-05-30,2031.0
1983-06-06,2055.1
1983-06-13,2059.9
1983-06-20,2052.4
1983-06-27,2040.1
1983-07-04,2064.4
1983-07-11,2078.0
1983-07-18,2071.1
1983-07-25,2062.0
1983-08-01,2065.8
1983-08-08,2077.4
1983-08-15,2077.7
1983-08-22,2070.8
1983-08-29,2063.9
1983-09-05,2080.6
1983-09-12,2088.4
1983-09-19,2082.5
1983-09-26,2070.7
1983-10-03,2087.0
1983-10-10,2106.0
1983-10-17,2107.1
1983-10-24,2098.5
1983-10-31,2097.9
1983-11-07,2117.0
1983-11-14,2122.4
1983-11-21,2117.3
1983-11-28,2114.5
1983-12-05,2128.8
1983-12-12,2134.0
1983-12-19,2132.8
1983-12-26,2128.3
1984-01-02,2147.5
1984-01-09,2164.1
1984-01-16,2153.2
1984-01-23,2137.4
1984-01-30,2122.5
1984-02-06,2147.7
1984-02-13,2149.2
1984-02-20,2148.0
1984-02-27,2143.7
1984-03-05,2162.4
1984-03-12,2169.1
1984-03-19,2169.0
1984-03-26,2164.5
1984-04-02,2183.3
1984-04-09,2204.6
1984-04-16,2204.7
1984-04-23,2193.0
1984-04-30,2177.4
1984-05-07,2190.1
1984-05-14,2193.9
1984-05-21,2193.1
1984-05-28,2185.2
1984-06-04,2211.2
1984-06-11,2221.1
1984-06-18,2216.7
1984-06-25,2202.7
1984-07-02,2219.2
1984-07-09,2236.7
1984-07-16,2234.5
1984-07-23,2222.9
1984-07-30,2216.3
1984-08-06,2233.4
1984-08-13,2233.3
1984-08-20,2229.7
1984-08-27,2220.0
1984-09-03,2232.7
1984-09-10,2251.9
1984-09-17,2247.6
1984-09-24,2232.2
1984-10-01,2243.1
1984-10-08,2261.7
1984-10-15,2266.7
1984-10-22,2256.7
1984-10-29,2252.7
1984-11-05,2276.3
1984-11-12,2285.4
1984-11-19,2290.2
1984-11-26,2285.6
1984-12-03,2295.4
1984-12-10,2312.6
1984-12-17,2315.1
1984-12-24,2319.1
1984-12-31,2332.2
1985-01-07,2353.0
1985-01-14,2348.0
1985-01-21,2339.5
1985-01-28,2324.0
1985-02-04,2338.5
1985-02-11,2344.9
1985-02-18,2344.1
1985-02-25,2339.1
1985-03-04,2354.5
1985-03-11,2362.8
1985-03-18,2359.2
1985-03-25,2353.8
1985-04-01,2368.1
1985-04-08,2389.7
1985-04-15,2389.8
1985-04-22,2380.9
1985-04-29,2359.3
1985-05-06,2371.6
1985-05-13,2375.5
1985-05-20,2378.7
1985-05-27,2372.8
1985-06-03,2393.6
1985-06-10,2416.7
1985-06-17,2416.9
1985-06-24,2407.5
1985-07-01,2421.1
1985-07-08,2443.4
1985-07-15,2440.8
1985-07-22,2431.6
1985-07-29,2422.9
1985-08-05,2443.2
1985-08-12,2446.6
1985-08-19,2444.4
1985-08-26,2434.6
1985-09-02,2441.3
1985-09-09,2463.1
1985-09-16,2458.8
1985-09-23,2441.6
1985-09-30,2448.6
1985-10-07,2472.9
1985-10-14,2470.8
1985-10-21,2468.7
1985-10-28,2455.2
1985-11-04,2474.1
1985-11-11,2481.4
1985-11-18,2483.2
1985-11-25,2477.3
1985-12-02,2491.3
1985-12-09,2503.6
1985-12-16,2501.6
1985-12-23,2502.1
1985-12-30,2505.3
1986-01-06,2536.0
1986-01-13,2521.5
1986-01-20,2510.2
1986-01-27,2492.2
1986-02-03,2494.4
1986-02-10,2506.8
1986-02-17,2502.1
1986-02-24,2498.4
1986-03-03,2507.9
1986-03-10,2527.1
1986-03-17,2527.9
1986-03-24,2523.2
1986-03-31,2535.2
1986-04-07,2570.7
1986-04-14,2573.0
1986-04-21,2569.0
1986-04-28,2550.4
1986-05-05,2564.4
1986-05-12,2569.8
1986-05-19,2572.2
1986-05-26,2566.6
1986-06-02,2584.4
1986-06-09,2610.1
1986-06-16,2612.0
1986-06-23,2598.8
1986-06-30,2602.4
1986-07-07,2639.8
1986-07-14,2638.8
1986-07-21,2632.3
1986-07-28,2621.1
1986-08-04,2641.5
1986-08-11,2651.0
1986-08-18,2648.7
1986-08-25,2636.5
1986-09-01,2644.5
1986-09-08,2670.4
1986-09-15,2667.7
1986-09-22,2656.4
1986-09-29,2651.1
1986-10-06,2686.7
1986-10-13,2688.4
1986-10-20,2688.8
1986-10-27,2674.7
1986-11-03,2690.1
1986-11-10,2705.8
1986-11-17,2707.9
1986-11-24,2697.1
1986-12-01,2716.6
1986-12-08,2730.0
1986-12-15,2731.0
1986-12-22,2738.5
1986-12-29,2751.5
1987-01-05,2794.4
1987-01-12,2770.7
1987-01-19,2750.2
1987-01-26,2728.4
1987-02-02,2727.9
1987-02-09,2742.6
1987-02-16,2736.8
1987-02-23,2730.2
1987-03-02,2733.7
1987-03-09,2754.4
1987-03-16,2751.5
1987-03-23,2741.3
1987-03-30,2742.5
1987-04-06,2781.4
1987-04-13,2787.9
1987-04-20,2793.2
1987-04-27,2764.0
1987-05-04,2761.7
1987-05-11,2760.2
1987-05-18,2759.3
1987-05-25,2751.9
1987-06-01,2765.5
1987-06-08,2786.5
1987-06-15,2781.7
1987-06-22,2766.0
1987-06-29,2755.4
1987-07-06,2800.8
1987-07-13,2792.6
1987-07-20,2784.6
1987-07-27,2770.6
1987-08-03,2781.4
1987-08-10,2796.7
1987-08-17,2792.5
1987-08-24,2780.3
1987-08-31,2778.2
1987-09-07,2801.9
1987-09-14,2807.3
1987-09-21,2790.9
1987-09-28,2774.1
1987-10-05,2811.1
1987-10-12,2809.6
1987-10-19,2812.7
1987-10-26,2809.3
1987-11-02,2810.7
1987-11-09,2826.4
1987-11-16,2825.0
1987-11-23,2815.7
1987-11-30,2818.6
1987-12-07,2839.3
1987-12-14,2836.9
1987-12-21,2836.8
1987-12-28,2835.4
1988-01-04,2864.7
1988-01-11,2868.9
1988-01-18,2861.9
1988-01-25,2844.3
1988-02-01,2844.6
1988-02-08,2861.0
1988-02-15,2859.4
1988-02-22,2858.8
1988-02-29,2854.8
1988-03-07,2883.7
1988-03-14,2887.0
1988-03-21,2887.9
1988-03-28,2882.7
1988-04-04,2920.7
1988-04-11,2937.7
1988-04-18,2934.2
1988-04-25,2915.8
1988-05-02,2903.6
1988-05-09,2912.5
1988-05-16,2913.1
1988-05-23,2907.0
1988-05-30,2906.4
1988-06-06,2942.9
1988-06-13,2941.4
1988-06-20,2936.1
1988-06-27,2920.1
1988-07-04,2953.0
1988-07-11,2967.3
1988-07-18,2955.8
1988-07-25,2939.9
1988-08-01,2944.5
1988-08-08,2960.6
1988-08-15,2956.4
1988-08-22,2947.5
1988-08-29,2934.7
1988-09-05,2957.6
1988-09-12,2964.0
1988-09-19,2952.6
1988-09-26,2930.4
1988-10-03,2951.0
1988-10-10,2969.3
1988-10-17,2971.2
1988-10-24,2951.9
1988-10-31,2952.9
1988-11-07,2983.5
1988-11-14,2985.3
1988-11-21,2982.7
1988-11-28,2979.8
1988-12-05,2998.3
1988-12-12,3001.1
1988-12-19,2998.4
1988-12-26,2991.7
1989-01-02,3016.1
1989-01-09,3026.3
1989-01-16,3009.5
1989-01-23,2988.9
1989-01-30,2966.0
1989-02-06,2988.2
1989-02-13,2984.6
1989-02-20,2981.6
1989-02-27,2973.7
1989-03-06,3003.0
1989-03-13,3000.8
1989-03-20,2998.3
1989-03-27,2991.4
1989-04-03,3013.9
1989-04-10,3036.6
1989-04-17,3035.9
1989-04-24,3017.1
1989-05-01,2998.8
1989-05-08,3000.1
1989-05-15,2998.9
1989-05-22,2991.9
1989-05-29,2988.0
1989-06-05,3023.5
1989-06-12,3029.0
1989-06-19,3024.4
1989-06-26,3008.3
1989-07-03,3039.5
1989-07-10,3069.7
1989-07-17,3059.8
1989-07-24,3045.9
1989-07-31,3044.8
1989-08-07,3075.6
1989-08-14,3075.9
1989-08-21,3074.0
1989-08-28,3060.9
1989-09-04,3081.2
1989-09-11,3099.9
1989-09-18,3090.3
1989-09-25,3068.1
1989-10-02,3089.2
1989-10-09,3114.4
1989-10-16,3117.6
1989-10-23,3105.3
1989-10-30,3098.8
1989-11-06,3133.3
1989-11-13,3137.6
1989-11-20,3137.3
1989-11-27,3134.4
1989-12-04,3152.4
1989-12-11,3161.8
1989-12-18,3161.0
1989-12-25,3161.4
1990-01-01,3181.9
1990-01-08,3195.7
1990-01-15,3182.7
1990-01-22,3163.6
1990-01-29,3141.9
1990-02-05,3169.4
1990-02-12,3172.4
1990-02-19,3169.7
1990-02-26,3165.2
1990-03-05,3188.9
1990-03-12,3194.2
1990-03-19,3191.8
1990-03-26,3184.6
1990-04-02,3206.1
1990-04-09,3235.2
1990-04-16,3238.4
1990-04-23,3213.3
1990-04-30,3190.5
1990-05-07,3195.1
1990-05-14,3191.1
1990-05-21,3184.6
1990-05-28,3173.8
1990-06-04,3207.7
1990-06-11,3218.1
1990-06-18,3216.2
1990-06-25,3194.2
1990-07-02,3217.3
1990-07-09,3238.3
1990-07-16,3233.2
1990-07-23,3214.1
1990-07-30,3208.8
1990-08-06,3238.0
1990-08-13,3245.7
1990-08-20,3242.6
1990-08-27,3228.1
1990-09-03,3245.5
1990-09-10,3266.0
1990-09-17,3255.2
1990-09-24,3230.4
1990-10-01,3242.6
1990-10-08,3267.4
1990-10-15,3265.2
1990-10-22,3247.1
1990-10-29,3236.5
1990-11-05,3262.5
1990-11-12,3268.2
1990-11-19,3268.4
1990-11-26,3261.3
1990-12-03,3264.0
1990-12-10,3284.8
1990-12-17,3284.8
1990-12-24,3283.1
1990-12-31,3291.6
1991-01-07,3309.9
1991-01-14,3300.5
1991-01-21,3287.4
1991-01-28,3266.9
1991-02-04,3287.9
1991-02-11,3300.8
1991-02-18,3296.1
1991-02-25,3290.0
1991-03-04,3313.9
1991-03-11,3327.7
1991-03-18,3327.0
1991-03-25,3320.0
1991-04-01,3339.8
1991-04-08,3367.9
1991-04-15,3371.0
1991-04-22,3347.4
1991-04-29,3313.8
1991-05-06,3333.3
1991-05-13,3335.1
1991-05-20,3332.1
1991-05-27,3318.2
1991-06-03,3340.7
1991-06-10,3364.4
1991-06-17,3359.4
1991-06-24,3330.5
1991-07-01,3346.1
1991-07-08,3374.8
1991-07-15,3366.0
1991-07-22,3347.1
1991-07-29,3332.4
1991-08-05,3357.9
1991-08-12,3359.8
1991-08-19,3352.5
1991-08-26,3339.1
1991-09-02,3343.9
1991-09-09,3370.4
1991-09-16,3360.9
1991-09-23,3332.5
1991-09-30,3325.4
1991-10-07,3363.0
1991-10-14,3363.3
1991-10-21,3356.0
1991-10-28,3337.8
1991-11-04,3361.2
1991-11-11,3375.1
1991-11-18,3375.3
1991-11-25,3359.5
1991-12-02,3377.4
1991-12-09,3393.6
1991-12-16,3395.4
1991-12-23,3380.5
1991-12-30,3376.0
1992-01-06,3398.6
1992-01-13,3396.6
1992-01-20,3383.5
1992-01-27,3364.7
1992-02-03,3375.6
1992-02-10,3396.2
1992-02-17,3393.7
1992-02-24,3383.3
1992-03-02,3390.7
1992-03-09,3415.9
1992-03-16,3413.7
1992-03-23,3395.9
1992-03-30,3393.0
1992-04-06,3434.1
1992-04-13,3443.2
1992-04-20,3430.3
1992-04-27,3385.9
1992-05-04,3392.8
1992-05-11,3397.9
1992-05-18,3391.9
1992-05-25,3370.3
1992-06-01,3383.8
1992-06-08,3409.0
1992-06-15,3406.1
1992-06-22,3376.7
1992-06-29,3361.7
1992-07-06,3407.1
1992-07-13,3407.3
1992-07-20,3392.1
1992-07-27,3373.0
1992-08-03,3389.7
1992-08-10,3408.7
1992-08-17,3403.7
1992-08-24,3384.4
1992-08-31,3386.3
1992-09-07,3416.3
1992-09-14,3419.6
1992-09-21,3396.1
1992-09-28,3376.3
1992-10-05,3413.8
1992-10-12,3428.2
1992-10-19,3423.1
1992-10-26,3403.5
1992-11-02,3421.8
1992-11-09,3444.5
1992-11-16,3444.1
1992-11-23,3417.5
1992-11-30,3426.5
1992-12-07,3450.6
1992-12-14,3448.5
1992-12-21,3435.4
1992-12-28,3430.5
1993-01-04,3455.2
1993-01-11,3456.1
1993-01-18,3431.0
1993-01-25,3394.8
1993-02-01,3385.9
1993-02-08,3407.0
1993-02-15,3405.7
1993-02-22,3395.9
1993-03-01,3396.7
1993-03-08,3422.7
1993-03-15,3418.1
1993-03-22,3403.3
1993-03-29,3396.3
1993-04-05,3438.6
1993-04-12,3456.1
1993-04-19,3438.7
1993-04-26,3399.0
1993-05-03,3412.1
1993-05-10,3434.4
1993-05-17,3431.5
1993-05-24,3408.1
1993-05-31,3425.4
1993-06-07,3462.1
1993-06-14,3459.7
1993-06-21,3432.0
1993-06-28,3408.4
1993-07-05,3450.7
1993-07-12,3462.6
1993-07-19,3444.4
1993-07-26,3418.6
1993-08-02,3434.2
1993-08-09,3458.9
1993-08-16,3453.2
1993-08-23,3429.1
1993-08-30,3419.7
1993-09-06,3458.3
1993-09-13,3467.2
1993-09-20,3443.0
1993-09-27,3412.4
1993-10-04,3449.1
1993-10-11,3466.5
1993-10-18,3460.9
1993-10-25,3430.5
1993-11-01,3448.6
1993-11-08,3479.2
1993-11-15,3485.9
1993-11-22,3466.3
1993-11-29,3466.1
1993-12-06,3498.5
1993-12-13,3501.9
1993-12-20,3492.4
1993-12-27,3485.9
1994-01-03,3502.8
1994-01-10,3512.7
1994-01-17,3496.9
1994-01-24,3459.2
1994-01-31,3437.4
1994-02-07,3469.1
1994-02-14,3467.3
1994-02-21,3454.0
1994-02-28,3448.3
1994-03-07,3485.2
1994-03-14,3487.7
1994-03-21,3476.1
1994-03-28,3458.9
1994-04-04,3507.2
1994-04-11,3529.6
1994-04-18,3516.9
1994-04-25,3474.9
1994-05-02,3469.4
1994-05-09,3489.7
1994-05-16,3483.7
1994-05-23,3462.4
1994-05-30,3459.0
1994-06-06,3497.1
1994-06-13,3494.4
1994-06-20,3473.5
1994-06-27,3450.5
1994-07-04,3489.0
1994-07-11,3512.0
1994-07-18,3496.2
1994-07-25,3471.5
1994-08-01,3479.9
1994-08-08,3499.4
1994-08-15,3493.4
1994-08-22,3476.8
1994-08-29,3458.0
1994-09-05,3489.8
1994-09-12,3499.4
1994-09-19,3479.8
1994-09-26,3448.5
1994-10-03,3466.2
1994-10-10,3494.3
1994-10-17,3492.5
1994-10-24,3462.9
1994-10-31,3461.2
1994-11-07,3493.7
1994-11-14,3498.0
1994-11-21,3491.4
1994-11-28,3484.9
1994-12-05,3510.1
1994-12-12,3513.5
1994-12-19,3505.5
1994-12-26,3498.4
1995-01-02,3508.3
1995-01-09,3528.1
1995-01-16,3513.7
1995-01-23,3481.7
1995-01-30,3455.3
1995-02-06,3485.2
1995-02-13,3480.4
1995-02-20,3469.9
1995-02-27,3463.2
1995-03-06,3492.8
1995-03-13,3499.4
1995-03-20,3492.8
1995-03-27,3479.8
1995-04-03,3504.1
1995-04-10,3543.8
1995-04-17,3544.1
1995-04-24,3508.9
1995-05-01,3490.5
1995-05-08,3510.3
1995-05-15,3508.8
1995-05-22,3503.0
1995-05-29,3500.3
1995-06-05,3549.4
1995-06-12,3560.4
1995-06-19,3547.7
1995-06-26,3521.7
1995-07-03,3553.5
1995-07-10,3587.6
1995-07-17,3574.1
1995-07-24,3555.8
1995-07-31,3560.1
1995-08-07,3596.8
1995-08-14,3593.0
1995-08-21,3585.5
1995-08-28,3568.2
1995-09-04,3597.3
1995-09-11,3617.9
1995-09-18,3600.8
1995-09-25,3569.6
1995-10-02,3581.6
1995-10-09,3618.6
1995-10-16,3616.9
1995-10-23,3591.6
1995-10-30,3582.9
1995-11-06,3623.9
1995-11-13,3625.5
1995-11-20,3623.9
1995-11-27,3618.0
1995-12-04,3638.8
1995-12-11,3655.1
1995-12-18,3650.0
1995-12-25,3648.7
1996-01-01,3661.5
1996-01-08,3682.6
1996-01-15,3680.0
1996-01-22,3640.9
1996-01-29,3608.3
1996-02-05,3642.0
1996-02-12,3647.3
1996-02-19,3647.5
1996-02-26,3642.4
1996-03-04,3683.3
1996-03-11,3694.1
1996-03-18,3699.2
1996-03-25,3679.7
1996-04-01,3702.9
1996-04-08,3748.3
1996-04-15,3753.2
1996-04-22,3716.7
1996-04-29,3666.2
1996-05-06,3698.7
1996-05-13,3697.8
1996-05-20,3688.9
1996-05-27,3671.5
1996-06-03,3711.6
1996-06-10,3737.6
1996-06-17,3734.9
1996-06-24,3696.4
1996-07-01,3715.4
1996-07-08,3754.2
1996-07-15,3742.4
1996-07-22,3726.0
1996-07-29,3712.4
1996-08-05,3751.8
1996-08-12,3751.8
1996-08-19,3744.2
1996-08-26,3723.5
1996-09-02,3734.3
1996-09-09,3776.3
1996-09-16,3760.0
1996-09-23,3720.2
1996-09-30,3719.3
1996-10-07,3765.4
1996-10-14,3768.1
1996-10-21,3761.1
1996-10-28,3742.8
1996-11-04,3780.9
1996-11-11,3795.7
1996-11-18,3800.8
1996-11-25,3783.6
1996-12-02,3816.3
1996-12-09,3840.3
1996-12-16,3839.2
1996-12-23,3841.7
1996-12-30,3836.3
1997-01-06,3874.1
1997-01-13,3861.2
1997-01-20,3841.2
1997-01-27,3804.4
1997-02-03,3820.8
1997-02-10,3842.8
1997-02-17,3839.8
1997-02-24,3823.1
1997-03-03,3847.2
1997-03-10,3879.7
1997-03-17,3877.9
1997-03-24,3858.1
1997-03-31,3878.0
1997-04-07,3930.6
1997-04-14,3934.1
1997-04-21,3920.0
1997-04-28,3856.7
1997-05-05,3870.0
1997-05-12,3871.5
1997-05-19,3866.3
1997-05-26,3858.0
1997-06-02,3884.0
1997-06-09,3918.6
1997-06-16,3912.5
1997-06-23,3878.9
1997-06-30,3886.0
1997-07-07,3946.3
1997-07-14,3928.6
1997-07-21,3910.1
1997-07-28,3893.1
1997-08-04,3940.2
1997-08-11,3954.9
1997-08-18,3958.2
1997-08-25,3939.5
1997-09-01,3957.2
1997-09-08,3988.1
1997-09-15,3979.6
1997-09-22,3944.9
1997-09-29,3930.4
1997-10-06,3986.7
1997-10-13,3984.5
1997-10-20,3984.1
1997-10-27,3955.4
1997-11-03,3991.4
1997-11-10,4015.2
1997-11-17,4018.0
1997-11-24,4003.0
1997-12-01,4032.4
1997-12-08,4053.3
1997-12-15,4051.2
1997-12-22,4054.1
1997-12-29,4055.4
1998-01-05,4100.0
1998-01-12,4082.5
1998-01-19,4064.6
1998-01-26,4028.7
1998-02-02,4041.3
1998-02-09,4078.1
1998-02-16,4081.5
1998-02-23,4077.1
1998-03-02,4101.2
1998-03-09,4141.9
1998-03-16,4142.2
1998-03-23,4119.2
1998-03-30,4118.8
1998-04-06,4194.6
1998-04-13,4208.4
1998-04-20,4197.5
1998-04-27,4127.3
1998-05-04,4139.5
1998-05-11,4146.6
1998-05-18,4143.6
1998-05-25,4125.3
1998-06-01,4156.3
1998-06-08,4193.3
1998-06-15,4192.9
1998-06-22,4159.0
1998-06-29,4145.3
1998-07-06,4224.6
1998-07-13,4202.6
1998-07-20,4188.4
1998-07-27,4165.8
1998-08-03,4201.4
1998-08-10,4232.6
1998-08-17,4226.4
1998-08-24,4206.2
1998-08-31,4213.2
1998-09-07,4274.9
1998-09-14,4278.5
1998-09-21,4252.2
1998-09-28,4214.6
1998-10-05,4279.3
1998-10-12,4290.1
1998-10-19,4299.9
1998-10-26,4280.3
1998-11-02,4306.8
1998-11-09,4348.7
1998-11-16,4355.6
1998-11-23,4333.5
1998-11-30,4348.6
1998-12-07,4394.8
1998-12-14,4397.2
1998-12-21,4401.5
1998-12-28,4397.7
1999-01-04,4439.6
1999-01-11,4432.7
1999-01-18,4421.3
1999-01-25,4374.0
1999-02-01,4384.7
1999-02-08,4420.0
1999-02-15,4422.9
1999-02-22,4414.3
1999-03-01,4423.5
1999-03-08,4464.2
1999-03-15,4459.6
1999-03-22,4448.0
1999-03-29,4443.8
1999-04-05,4520.1
1999-04-12,4524.6
1999-04-19,4529.4
1999-04-26,4466.9
1999-05-03,4449.3
1999-05-10,4471.1
1999-05-17,4465.3
1999-05-24,4445.9
1999-05-31,4467.6
1999-06-07,4514.1
1999-06-14,4511.6
1999-06-21,4491.0
1999-06-28,4463.4
1999-07-05,4523.4
1999-07-12,4537.2
1999-07-19,4517.7
1999-07-26,4498.5
1999-08-02,4519.8
1999-08-09,4555.8
1999-08-16,4553.5
1999-08-23,4527.6
1999-08-30,4517.1
1999-09-06,4572.9
1999-09-13,4576.2
1999-09-20,4558.3
1999-09-27,4513.5
1999-10-04,4566.9
1999-10-11,4579.7
1999-10-18,4584.5
1999-10-25,4555.0
1999-11-01,4576.8
1999-11-08,4609.1
1999-11-15,4616.7
1999-11-22,4603.8
1999-11-29,4606.4
1999-12-06,4649.0
1999-12-13,4655.5
1999-12-20,4667.7
1999-12-27,4668.1
2000-01-03,4697.4
2000-01-10,4699.2
2000-01-17,4688.2
2000-01-24,4652.0
2000-01-31,4634.7
2000-02-07,4684.6
2000-02-14,4675.3
2000-02-21,4668.5
2000-02-28,4666.4
2000-03-06,4722.6
2000-03-13,4731.4
2000-03-20,4744.2
2000-03-27,4727.0
2000-04-03,4783.4
2000-04-10,4831.1
2000-04-17,4842.8
2000-04-24,4800.6
2000-05-01,4738.0
2000-05-08,4738.1
2000-05-15,4739.6
2000-05-22,4723.6
2000-05-29,4719.9
2000-06-05,4777.3
2000-06-12,4776.7
2000-06-19,4762.5
2000-06-26,4721.5
2000-07-03,4764.4
2000-07-10,4796.6
2000-07-17,4776.1
2000-07-24,4754.9
2000-07-31,4758.5
2000-08-07,4814.3
2000-08-14,4806.2
2000-08-21,4807.7
2000-08-28,4792.7
2000-09-04,4839.2
2000-09-11,4861.8
2000-09-18,4851.8
2000-09-25,4802.4
2000-10-02,4833.2
2000-10-09,4866.9
2000-10-16,4872.8
2000-10-23,4842.1
2000-10-30,4828.9
2000-11-06,4880.8
2000-11-13,4880.4
2000-11-20,4880.4
2000-11-27,4883.5
2000-12-04,4919.3
2000-12-11,4932.4
2000-12-18,4947.8
2000-12-25,4955.6
2001-01-01,4984.5
2001-01-08,5008.5
2001-01-15,5004.0
2001-01-22,4976.1
2001-01-29,4929.9
2001-02-05,4990.4
2001-02-12,4998.1
2001-02-19,5007.0
2001-02-26,5010.3
2001-03-05,5079.2
2001-03-12,5091.2
2001-03-19,5096.1
2001-03-26,5086.7
2001-04-02,5139.2
2001-04-09,5195.5
2001-04-16,5222.9
2001-04-23,5173.0
2001-04-30,5101.3
2001-05-07,5120.0
2001-05-14,5114.4
2001-05-21,5109.4
2001-05-28,5090.0
2001-06-04,5164.6
2001-06-11,5170.2
2001-06-18,5176.6
2001-06-25,5122.4
2001-07-02,5163.5
2001-07-09,5206.4
2001-07-16,5201.0
2001-07-23,5170.1
2001-07-30,5168.2
2001-08-06,5231.5
2001-08-13,5230.4
2001-08-20,5226.7
2001-08-27,5205.2
2001-09-03,5248.6
2001-09-10,5294.7
2001-09-17,5456.2
2001-09-24,5317.5
2001-10-01,5300.1
2001-10-08,5333.9
2001-10-15,5335.8
2001-10-22,5310.6
2001-10-29,5295.2
2001-11-05,5368.9
2001-11-12,5375.4
2001-11-19,5387.5
2001-11-26,5381.9
2001-12-03,5417.9
2001-12-10,5454.8
2001-12-17,5477.0
2001-12-24,5454.9
2001-12-31,5473.4
2002-01-07,5498.3
2002-01-14,5475.6
2002-01-21,5442.9
2002-01-28,5400.0
2002-02-04,5452.9
2002-02-11,5465.8
2002-02-18,5473.7
2002-02-25,5460.1
2002-03-04,5510.3
2002-03-11,5523.6
2002-03-18,5525.5
2002-03-25,5484.8
2002-04-01,5533.0
2002-04-08,5560.3
2002-04-15,5576.1
2002-04-22,5533.2
2002-04-29,5461.7
2002-05-06,5501.7
2002-05-13,5503.6
2002-05-20,5503.7
2002-05-27,5483.5
2002-06-03,5518.6
2002-06-10,5546.5
2002-06-17,5560.2
2002-06-24,5507.8
2002-07-01,5538.8
2002-07-08,5588.6
2002-07-15,5585.4
2002-07-22,5565.2
2002-07-29,5564.8
2002-08-05,5630.4
2002-08-12,5627.3
2002-08-19,5625.0
2002-08-26,5594.6
2002-09-02,5626.8
2002-09-09,5675.0
2002-09-16,5675.2
2002-09-23,5613.5
2002-09-30,5617.1
2002-10-07,5682.5
2002-10-14,5695.0
2002-10-21,5689.8
2002-10-28,5667.1
2002-11-04,5736.2
2002-11-11,5750.0
2002-11-18,5771.8
2002-11-25,5727.6
2002-12-02,5785.2
2002-12-09,5796.7
2002-12-16,5816.1
2002-12-23,5800.1
2002-12-30,5795.4
2003-01-06,5837.3
2003-01-13,5814.7
2003-01-20,5799.2
2003-01-27,5747.2
2003-02-03,5774.7
2003-02-10,5818.2
2003-02-17,5848.6
2003-02-24,5798.8
2003-03-03,5844.2
2003-03-10,5883.9
2003-03-17,5900.9
2003-03-24,5855.2
2003-03-31,5882.9
2003-04-07,5954.9
2003-04-14,5964.1
2003-04-21,5947.8
2003-04-28,5889.2
2003-05-05,5951.0
2003-05-12,5944.4
2003-05-19,5935.0
2003-05-26,5908.3
2003-06-02,5956.0
2003-06-09,5994.2
2003-06-16,6021.6
2003-06-23,5965.2
2003-06-30,5982.6
2003-07-07,6074.3
2003-07-14,6044.7
2003-07-21,6018.0
2003-07-28,5996.7
2003-08-04,6093.3
2003-08-11,6096.9
2003-08-18,6131.8
2003-08-25,6039.6
2003-09-01,6071.1
2003-09-08,6111.7
2003-09-15,6103.1
2003-09-22,6032.3
2003-09-29,6000.4
2003-10-06,6064.8
2003-10-13,6065.6
2003-10-20,6058.9
2003-10-27,6012.0
2003-11-03,6047.1
2003-11-10,6079.9
2003-11-17,6099.4
2003-11-24,6043.7
2003-12-01,6084.9
2003-12-08,6100.5
2003-12-15,6106.2
2003-12-22,6097.0
2003-12-29,6084.1
2004-01-05,6117.1
2004-01-12,6080.9
2004-01-19,6060.9
2004-01-26,6007.7
2004-02-02,6035.9
2004-02-09,6073.3
2004-02-16,6101.7
2004-02-23,6080.4
2004-03-01,6111.4
2004-03-08,6154.3
2004-03-15,6172.9
2004-03-22,6168.3
2004-03-29,6165.8
2004-04-05,6246.3
2004-04-12,6264.5
2004-04-19,6254.3
2004-04-26,6190.4
2004-05-03,6218.2
2004-05-10,6250.0
2004-05-17,6278.5
2004-05-24,6221.1
2004-05-31,6241.1
2004-06-07,6294.7
2004-06-14,6301.6
2004-06-21,6264.7
2004-06-28,6229.2
2004-07-05,6301.7
2004-07-12,6301.8
2004-07-19,6274.9
2004-07-26,6239.4
2004-08-02,6276.3
2004-08-09,6312.1
2004-08-16,6325.2
2004-08-23,6287.0
2004-08-30,6267.1
2004-09-06,6348.9
2004-09-13,6359.5
2004-09-20,6342.8
2004-09-27,6291.9
2004-10-04,6345.8
2004-10-11,6357.9
2004-10-18,6372.5
2004-10-25,6325.0
2004-11-01,6355.3
2004-11-08,6401.6
2004-11-15,6421.7
2004-11-22,6395.3
2004-11-29,6396.6
2004-12-06,6437.7
2004-12-13,6443.3
2004-12-20,6457.8
2004-12-27,6450.5
2005-01-03,6442.0
2005-01-10,6437.4
2005-01-17,6436.1
2005-01-24,6371.2
2005-01-31,6343.8
2005-02-07,6407.4
2005-02-14,6401.9
2005-02-21,6403.1
2005-02-28,6406.1
2005-03-07,6459.4
2005-03-14,6466.5
2005-03-21,6463.6
2005-03-28,6462.1
2005-04-04,6520.9
2005-04-11,6537.0
2005-04-18,6551.0
2005-04-25,6460.7
2005-05-02,6441.4
2005-05-09,6471.6
2005-05-16,6475.7
2005-05-23,6438.5
2005-05-30,6437.7
2005-06-06,6520.8
2005-06-13,6524.8
2005-06-20,6524.4
2005-06-27,6480.1
2005-07-04,6539.8
2005-07-11,6541.6
2005-07-18,6533.3
2005-07-25,6495.8
2005-08-01,6526.8
2005-08-08,6570.8
2005-08-15,6569.9
2005-08-22,6549.7
2005-08-29,6519.3
2005-09-05,6600.0
2005-09-12,6607.8
2005-09-19,6600.3
2005-09-26,6543.0
2005-10-03,6590.7
2005-10-10,6619.0
2005-10-17,6646.8
2005-10-24,6593.1
2005-10-31,6586.1
2005-11-07,6654.0
2005-11-14,6663.0
2005-11-21,6660.5
2005-11-28,6640.7
2005-12-05,6689.2
2005-12-12,6695.0
2005-12-19,6710.3
2005-12-26,6708.3
2006-01-02,6729.1
2006-01-09,6747.8
2006-01-16,6738.1
2006-01-23,6688.2
2006-01-30,6637.5
2006-02-06,6703.8
2006-02-13,6707.2
2006-02-20,6731.8
2006-02-27,6733.2
2006-03-06,6800.2
2006-03-13,6791.7
2006-03-20,6800.4
2006-03-27,6779.0
2006-04-03,6838.2
2006-04-10,6880.1
2006-04-17,6919.0
2006-04-24,6836.0
2006-05-01,6782.1
2006-05-08,6795.9
2006-05-15,6812.9
2006-05-22,6791.7
2006-05-29,6778.2
2006-06-05,6855.0
2006-06-12,6860.2
2006-06-19,6864.3
2006-06-26,6821.1
2006-07-03,6871.0
2006-07-10,6906.0
2006-07-17,6889.2
2006-07-24,6841.4
2006-07-31,6831.1
2006-08-07,6902.4
2006-08-14,6896.7
2006-08-21,6899.2
2006-08-28,6866.6
2006-09-04,6929.8
2006-09-11,6940.2
2006-09-18,6931.1
2006-09-25,6872.6
2006-10-02,6914.3
2006-10-09,6970.9
2006-10-16,6990.2
2006-10-23,6947.4
2006-10-30,6930.8
2006-11-06,7012.4
2006-11-13,7017.3
2006-11-20,7029.0
2006-11-27,7031.0
2006-12-04,7063.7
2006-12-11,7072.8
2006-12-18,7090.7
2006-12-25,7109.2
2007-01-01,7125.5
2007-01-08,7142.7
2007-01-15,7135.7
2007-01-22,7081.7
2007-01-29,7027.4
2007-02-05,7094.2
2007-02-12,7096.0
2007-02-19,7110.6
2007-02-26,7112.7
2007-03-05,7163.5
2007-03-12,7185.5
2007-03-19,7208.7
2007-03-26,7208.1
2007-04-02,7266.8
2007-04-09,7332.5
2007-04-16,7343.5
2007-04-23,7290.5
2007-04-30,7205.1
2007-05-07,7249.3
2007-05-14,7249.7
2007-05-21,7238.6
2007-05-28,7215.9
2007-06-04,7284.5
2007-06-11,7293.0
2007-06-18,7303.2
2007-06-25,7241.7
2007-07-02,7288.8
2007-07-09,7316.4
2007-07-16,7301.1
2007-07-23,7259.0
2007-07-30,7248.8
2007-08-06,7328.5
2007-08-13,7331.2
2007-08-20,7355.8
2007-08-27,7355.2
2007-09-03,7378.5
2007-09-10,7391.1
2007-09-17,7392.8
2007-09-24,7319.4
2007-10-01,7344.6
2007-10-08,7394.3
2007-10-15,7393.0
2007-10-22,7355.3
2007-10-29,7357.3
2007-11-05,7415.5
2007-11-12,7417.3
2007-11-19,7445.9
2007-11-26,7442.0
2007-12-03,7466.3
2007-12-10,7490.4
2007-12-17,7503.2
2007-12-24,7499.8
2007-12-31,7512.2
2008-01-07,7537.0
2008-01-14,7503.1
2008-01-21,7494.2
2008-01-28,7468.9
2008-02-04,7546.4
2008-02-11,7563.1
2008-02-18,7578.3
2008-02-25,7587.4
2008-03-03,7647.2
2008-03-10,7690.4
2008-03-17,7731.2
2008-03-24,7721.3
2008-03-31,7730.2
2008-04-07,7809.6
2008-04-14,7812.6
2008-04-21,7800.8
2008-04-28,7667.9
2008-05-05,7696.4
2008-05-12,7705.5
2008-05-19,7709.9
2008-05-26,7690.8
2008-06-02,7726.0
2008-06-09,7753.1
2008-06-16,7758.4
2008-06-23,7700.1
2008-06-30,7694.6
2008-07-07,7777.6
2008-07-14,7757.9
2008-07-21,7742.4
2008-07-28,7702.6
2008-08-04,7755.9
2008-08-11,7757.0
2008-08-18,7746.3
2008-08-25,7706.4
2008-09-01,7719.7
2008-09-08,7750.9
2008-09-15,7769.0
2008-09-22,7871.1
2008-09-29,7858.3
2008-10-06,7888.9
2008-10-13,7935.4
2008-10-20,7968.4
2008-10-27,7890.7
2008-11-03,7937.1
2008-11-10,7974.1
2008-11-17,8012.0
2008-11-24,8001.5
2008-12-01,8088.4
2008-12-08,8173.2
2008-12-15,8223.4
2008-12-22,8246.1
2008-12-29,8261.5
2009-01-05,8329.5
2009-01-12,8291.1
2009-01-19,8279.2
2009-01-26,8231.0
2009-02-02,8249.3
2009-02-09,8288.0
2009-02-16,8309.8
2009-02-23,8289.7
2009-03-02,8354.7
2009-03-09,8437.6
2009-03-16,8487.1
2009-03-23,8436.4
2009-03-30,8406.5
2009-04-06,8472.2
2009-04-13,8492.7
2009-04-20,8463.8
2009-04-27,8357.9
2009-05-04,8409.3
2009-05-11,8428.3
2009-05-18,8436.9
2009-05-25,8402.5
2009-06-01,8430.4
2009-06-08,8489.1
2009-06-15,8485.0
2009-06-22,8413.3
2009-06-29,8364.6
2009-07-06,8451.7
2009-07-13,8422.3
2009-07-20,8396.7
2009-07-27,8363.4
2009-08-03,8394.7
2009-08-10,8414.0
2009-08-17,8416.3
2009-08-24,8337.7
2009-08-31,8348.6
2009-09-07,8420.2
2009-09-14,8434.0
2009-09-21,8381.8
2009-09-28,8341.6
2009-10-05,8413.3
2009-10-12,8428.2
2009-10-19,8446.9
2009-10-26,8389.3
2009-11-02,8435.0
2009-11-09,8494.6
2009-11-16,8521.3
2009-11-23,8480.8
2009-11-30,8504.2
2009-12-07,8556.9
2009-12-14,8555.2
2009-12-21,8538.8
2009-12-28,8524.4
2010-01-04,8531.2
2010-01-11,8492.2
2010-01-18,8473.6
2010-01-25,8408.5
2010-02-01,8426.1
2010-02-08,8479.1
2010-02-15,8528.0
2010-02-22,8506.2
2010-03-01,8525.3
2010-03-08,8578.7
2010-03-15,8596.9
2010-03-22,8562.6
2010-03-29,8555.5
2010-04-05,8654.9
2010-04-12,8639.0
2010-04-19,8619.2
2010-04-26,8523.7
2010-05-03,8550.5
2010-05-10,8578.3
2010-05-17,8614.8
2010-05-24,8546.2
2010-05-31,8587.4
2010-06-07,8649.2
2010-06-14,8626.1
2010-06-21,8597.7
2010-06-28,8554.0
2010-07-05,8602.1
2010-07-12,8596.3
2010-07-19,8571.3
2010-07-26,8531.9
2010-08-02,8582.8
2010-08-09,8623.7
2010-08-16,8629.2
2010-08-23,8577.4
2010-08-30,8583.6
2010-09-06,8667.8
2010-09-13,8680.5
2010-09-20,8643.7
2010-09-27,8601.2
2010-10-04,8690.3
2010-10-11,8712.9
2010-10-18,8736.2
2010-10-25,8665.4
2010-11-01,8703.0
2010-11-08,8766.3
2010-11-15,8785.7
2010-11-22,8762.0
2010-11-29,8782.9
2010-12-06,8826.7
2010-12-13,8845.9
2010-12-20,8855.2
2010-12-27,8872.3
2011-01-03,8885.6
2011-01-10,8884.6
2011-01-17,8907.5
2011-01-24,8787.3
2011-01-31,8786.6
2011-02-07,8865.6
2011-02-14,8883.3
2011-02-21,8883.3
2011-02-28,8905.5
2011-03-07,8993.4
2011-03-14,9006.6
2011-03-21,9002.3
2011-03-28,8981.7
2011-04-04,9067.4
2011-04-11,9074.9
2011-04-18,9091.3
2011-04-25,9013.8
2011-05-02,8995.1
2011-05-09,9025.0
2011-05-16,9047.6
2011-05-23,8995.9
2011-05-30,9014.5
2011-06-06,9091.9
2011-06-13,9092.6
2011-06-20,9102.8
2011-06-27,9114.5
2011-07-04,9248.8
2011-07-11,9243.2
2011-07-18,9241.9
2011-07-25,9208.5
2011-08-01,9384.9
2011-08-08,9457.9
2011-08-15,9477.9
2011-08-22,9456.5
2011-08-29,9435.0
2011-09-05,9518.7
2011-09-12,9520.6
2011-09-19,9495.4
2011-09-26,9446.0
2011-10-03,9536.2
2011-10-10,9557.0
2011-10-17,9594.0
2011-10-24,9496.1
2011-10-31,9526.0
2011-11-07,9634.2
2011-11-14,9655.1
2011-11-21,9618.2
2011-11-28,9614.1
2011-12-05,9683.6
2011-12-12,9715.0
2011-12-19,9717.0
2011-12-26,9711.8
2012-01-02,9824.3
2012-01-09,9821.3
2012-01-16,9803.0
2012-01-23,9708.2
2012-01-30,9674.9
2012-02-06,9762.1
2012-02-13,9789.3
2012-02-20,9789.0
2012-02-27,9774.4
2012-03-05,9885.3
2012-03-12,9906.5
2012-03-19,9901.7
2012-03-26,9864.4
2012-04-02,9957.4
2012-04-09,10022.9
2012-04-16,10024.2
2012-04-23,9886.2
2012-04-30,9834.6
2012-05-07,9903.8
2012-05-14,9901.8
2012-05-21,9874.7
2012-05-28,9842.9
2012-06-04,9936.9
2012-06-11,9985.0
2012-06-18,9984.2
2012-06-25,9887.6
2012-07-02,9987.8
2012-07-09,10040.3
2012-07-16,10033.5
2012-07-23,9955.7
2012-07-30,9971.4
2012-08-06,10065.9
2012-08-13,10086.9
2012-08-20,10060.4
2012-08-27,10030.9
2012-09-03,10129.0
2012-09-10,10175.5
2012-09-17,10195.9
2012-09-24,10093.1
2012-10-01,10194.1
2012-10-08,10238.8
2012-10-15,10270.8
2012-10-22,10207.3
2012-10-29,10217.7
2012-11-05,10370.8
2012-11-12,10338.4
2012-11-19,10336.4
2012-11-26,10308.9
2012-12-03,10408.3
2012-12-10,10459.4
2012-12-17,10524.0
2012-12-24,10546.8
2012-12-31,10613.0
2013-01-07,10627.6
2013-01-14,10559.4
2013-01-21,10472.1
2013-01-28,10395.3
2013-02-04,10461.8
2013-02-11,10483.9
2013-02-18,10477.6
2013-02-25,10445.7
2013-03-04,10569.2
2013-03-11,10596.4
2013-03-18,10624.5
2013-03-25,10579.1
2013-04-01,10717.7
2013-04-08,10716.7
2013-04-15,10737.6
2013-04-22,10626.6
2013-04-29,10529.1
2013-05-06,10590.6
2013-05-13,10595.4
2013-05-20,10568.2
2013-05-27,10536.4
2013-06-03,10631.3
2013-06-10,10664.9
2013-06-17,10670.9
2013-06-24,10557.6
2013-07-01,10668.0
2013-07-08,10703.5
2013-07-15,10699.7
2013-07-22,10658.1
2013-07-29,10645.0
2013-08-05,10746.8
2013-08-12,10746.6
2013-08-19,10725.0
2013-08-26,10694.5
2013-09-02,10772.2
2013-09-09,10812.8
2013-09-16,10818.5
2013-09-23,10755.1
2013-09-30,10823.9
2013-10-07,10899.5
2013-10-14,10952.6
2013-10-21,10973.2
2013-10-28,10893.9
2013-11-04,10974.7
2013-11-11,10958.0
2013-11-18,10980.2
2013-11-25,10938.5
2013-12-02,11026.5
2013-12-09,11070.5
2013-12-16,11095.2
2013-12-23,11114.1
2013-12-30,11125.6
2014-01-06,11176.3
2014-01-13,11128.7
2014-01-20,11098.1
2014-01-27,11030.4
2014-02-03,11086.1
2014-02-10,11135.2
2014-02-17,11184.0
2014-02-24,11132.9
2014-03-03,11204.8
2014-03-10,11258.4
2014-03-17,11297.2
2014-03-24,11255.1
2014-03-31,11301.8
2014-04-07,11378.8
2014-04-14,11402.5
2014-04-21,11342.0
2014-04-28,11218.2
2014-05-05,11272.0
2014-05-12,11272.9
2014-05-19,11265.6
2014-05-26,11238.4
2014-06-02,11333.0
2014-06-09,11351.0
2014-06-16,11367.7
2014-06-23,11277.6
2014-06-30,11330.6
2014-07-07,11413.1
2014-07-14,11410.1
2014-07-21,11380.5
2014-07-28,11351.1
2014-08-04,11448.5
2014-08-11,11418.4
2014-08-18,11429.3
2014-08-25,11371.3
2014-09-01,11430.1
2014-09-08,11483.4
2014-09-15,11503.7
2014-09-22,11425.0
2014-09-29,11439.0
2014-10-06,11544.9
2014-10-13,11545.2
2014-10-20,11557.8
2014-10-27,11513.7
2014-11-03,11563.0
2014-11-10,11609.4
2014-11-17,11630.9
2014-11-24,11568.3
2014-12-01,11656.5
2014-12-08,11712.7
2014-12-15,11752.7
2014-12-22,11771.9
2014-12-29,11786.9
2015-01-05,11817.6
2015-01-12,11794.7
2015-01-19,11749.6
2015-01-26,11674.5
2015-02-02,11775.7
2015-02-09,11808.9
2015-02-16,11852.0
2015-02-23,11837.7
2015-03-02,11915.6
2015-03-09,11944.1
2015-03-16,11976.2
2015-03-23,11920.9
2015-03-30,11958.3
2015-04-06,12110.4
2015-04-13,12088.6
2015-04-20,12031.5
2015-04-27,11850.0
2015-05-04,11895.4
2015-05-11,11902.4
2015-05-18,11916.7
2015-05-25,11870.9
2015-06-01,11930.2
2015-06-08,11967.2
2015-06-15,11982.8
2015-06-22,11927.4
2015-06-29,11944.8
2015-07-06,12078.0
2015-07-13,12032.6
2015-07-20,11996.0
2015-07-27,11947.0
2015-08-03,12032.1
2015-08-10,12060.8
2015-08-17,12094.0
2015-08-24,12038.5
2015-08-31,12073.5
2015-09-07,12158.0
2015-09-14,12184.2
2015-09-21,12130.6
2015-09-28,12071.0
2015-10-05,12168.2
2015-10-12,12157.6
2015-10-19,12164.5
2015-10-26,12129.9
2015-11-02,12246.4
2015-11-09,12289.0
2015-11-16,12320.6
2015-11-23,12267.8
2015-11-30,12301.6
2015-12-07,12366.3
2015-12-14,12403.6
2015-12-21,12458.8
2015-12-28,12450.0
2016-01-04,12483.3
2016-01-11,12538.3
2016-01-18,12494.3
2016-01-25,12409.0
2016-02-01,12451.9
2016-02-08,12464.5
2016-02-15,12531.0
2016-02-22,12518.0
2016-02-29,12546.2
2016-03-07,12644.4
2016-03-14,12668.3
2016-03-21,12670.6
2016-03-28,12721.0
2016-04-04,12811.5
2016-04-11,12826.1
2016-04-18,12837.4
2016-04-25,12680.3
2016-05-02,12696.7
2016-05-09,12717.2
2016-05-16,12733.1
2016-05-23,12686.5
2016-05-30,12673.9
2016-06-06,12787.3
2016-06-13,12826.7
2016-06-20,12795.4
2016-06-27,12725.2
2016-07-04,12855.5
2016-07-11,12854.2
2016-07-18,12856.3
2016-07-25,12790.9
2016-08-01,12883.3
2016-08-08,12957.1
2016-08-15,12962.2
2016-08-22,12933.6
2016-08-29,12915.3
2016-09-05,13025.6
2016-09-12,13068.2
2016-09-19,13025.3
2016-09-26,12932.5
2016-10-03,13044.0
2016-10-10,13095.7
2016-10-17,13115.5
2016-10-24,13026.1
2016-10-31,13077.0
2016-11-07,13159.7
2016-11-14,13205.1
2016-11-21,13216.4
2016-11-28,13185.9
2016-12-05,13260.5
2016-12-12,13282.1
2016-12-19,13302.8
2016-12-26,13297.0
2017-01-02,13347.0
2017-01-09,13370.2
2017-01-16,13334.8
2017-01-23,13235.2
2017-01-30,13181.4
2017-02-06,13278.6
2017-02-13,13298.6
2017-02-20,13301.3
2017-02-27,13323.4
2017-03-06,13448.9
2017-03-13,13503.0
2017-03-20,13502.2
2017-03-27,13471.0
2017-04-03,13582.7
2017-04-10,13633.4
2017-04-17,13674.0
2017-04-24,13469.4
2017-05-01,13450.3
2017-05-08,13472.9
2017-05-15,13491.4
2017-05-22,13468.1
2017-05-29,13454.0
2017-06-05,13555.7
2017-06-12,13549.2
2017-06-19,13528.7
2017-06-26,13450.3
2017-07-03,13562.9
2017-07-10,13618.3
2017-07-17,13608.0
2017-07-24,13523.5
2017-07-31,13581.1
2017-08-07,13670.8
2017-08-14,13661.8
2017-08-21,13657.4
2017-08-28,13626.4
2017-09-04,13717.2
2017-09-11,13745.8
2017-09-18,13722.3
2017-09-25,13614.5
2017-10-02,13739.0
2017-10-09,13778.9
2017-10-16,13789.8
2017-10-23,13705.3
2017-10-30,13712.0
2017-11-06,13823.1
2017-11-13,13826.3
2017-11-20,13822.0
2017-11-27,13804.4
2017-12-04,13879.1
2017-12-11,13935.8
2017-12-18,13966.6
2017-12-25,13935.2
2018-01-01,13963.5
2018-01-08,13970.1
2018-01-15,13921.1
2018-01-22,13824.2
2018-01-29,13745.8
2018-02-05,13840.0
2018-02-12,13835.9
2018-02-19,13842.7
2018-02-26,13841.8
2018-03-05,13993.8
2018-03-12,14016.1
2018-03-19,14019.8
2018-03-26,13995.3
2018-04-02,14152.3
2018-04-09,14149.7
2018-04-16,14171.0
2018-04-23,14016.2
2018-04-30,13932.6
2018-05-07,13991.9
2018-05-14,14008.2
2018-05-21,13992.4
2018-05-28,13975.8
2018-06-04,14097.3
2018-06-11,14107.4
2018-06-18,14124.6
2018-06-25,14004.0
2018-07-02,14129.6
2018-07-09,14166.3
2018-07-16,14157.0
2018-07-23,14075.1
2018-07-30,14086.9
2018-08-06,14187.5
2018-08-13,14195.5
2018-08-20,14184.6
2018-08-27,14148.4
2018-09-03,14240.5
2018-09-10,14245.3
2018-09-17,14251.3
2018-09-24,14131.8
2018-10-01,14220.7
2018-10-08,14232.1
2018-10-15,14261.9
2018-10-22,14207.8
2018-10-29,14171.2
2018-11-05,14261.9
2018-11-12,14251.5
2018-11-19,14289.8
2018-11-26,14240.2
2018-12-03,14368.3
2018-12-10,14412.2
2018-12-17,14432.7
2018-12-24,14500.2
2018-12-31,14548.0
2019-01-07,14552.7
2019-01-14,14504.0
2019-01-21,14412.5
2019-01-28,14343.2
2019-02-04,14408.0
2019-02-11,14412.1
2019-02-18,14412.3
2019-02-25,14391.9
2019-03-04,14537.5
2019-03-11,14581.2
2019-03-18,14591.9
2019-03-25,14552.4
2019-04-01,14672.5
2019-04-08,14720.4
2019-04-15,14742.5
2019-04-22,14609.6
2019-04-29,14494.7
2019-05-06,14572.0
2019-05-13,14569.4
2019-05-20,14593.7
2019-05-27,14583.6
2019-06-03,14715.7
2019-06-10,14757.4
2019-06-17,14798.3
2019-06-24,14677.3
2019-07-01,14796.6
2019-07-08,14872.6
2019-07-15,14828.3
2019-07-22,14796.0
2019-07-29,14807.6
2019-08-05,14942.3
2019-08-12,14925.3
2019-08-19,14911.1
2019-08-26,14849.5
2019-09-02,14964.6
2019-09-09,15015.4
2019-09-16,15021.7
2019-09-23,14951.5
2019-09-30,15031.6
2019-10-07,15132.9
2019-10-14,15144.6
2019-10-21,15135.7
2019-10-28,15097.0
2019-11-04,15239.2
2019-11-11,15241.2
2019-11-18,15300.4
2019-11-25,15250.0
2019-12-02,15345.5
2019-12-09,15355.1
2019-12-16,15447.1
2019-12-23,15460.1
2019-12-30,15471.6
2020-01-06,15503.8
2020-01-13,15471.9
2020-01-20,15425.3
2020-01-27,15312.6
2020-02-03,15378.0
2020-02-10,15380.7
2020-02-17,15412.1
2020-02-24,15347.2
2020-03-02,15512.4
2020-03-09,15648.0
2020-03-16,15843.5
2020-03-23,16216.9
2020-03-30,16638.9
2020-04-06,16797.3
2020-04-13,16944.6
2020-04-20,17205.4
2020-04-27,17344.1
2020-05-04,17561.1
2020-05-11,17698.6
2020-05-18,17830.8
2020-05-25,17806.0
2020-06-01,17937.5
2020-06-08,18049.4
2020-06-15,18138.3
2020-06-22,18130.6
2020-06-29,18184.7
2020-07-06,18366.7
2020-07-13,18370.6
2020-07-20,18269.9
2020-07-27,18137.4
2020-08-03,18249.6
2020-08-10,18316.3
2020-08-17,18389.0
2020-08-24,18288.9
2020-08-31,18408.1
2020-09-07,18542.3
2020-09-14,18626.4
2020-09-21,18579.8
2020-09-28,18521.7
2020-10-05,18664.4
2020-10-12,18677.9
2020-10-19,18734.4
2020-10-26,18672.9
2020-11-02,18862.8
2020-11-09,18943.0
2020-11-16,19027.5
2020-11-23,19002.9
2020-11-30,19084.6
2020-12-07,19191.5
2020-12-14,19242.9
2020-12-21,19296.9
2020-12-28,19328.9
2021-01-04,19396.6
2021-01-11,19459.2
2021-01-18,19434.6
2021-01-25,19316.6
2021-02-01,19423.0
2021-02-08,19459.3
2021-02-15,19568.0
2021-02-22,19579.5
2021-03-01,19667.7
2021-03-08,19764.5
2021-03-15,19903.3
2021-03-22,20079.1
2021-03-29,20154.9
2021-04-05,20362.1
2021-04-12,20356.0
2021-04-19,20346.5
2021-04-26,20192.4
2021-05-03,20319.7
2021-05-10,20401.3
2021-05-17,20459.8
2021-05-24,20280.2
2021-05-31,20329.6
2021-06-07,20471.0
2021-06-14,20557.6
2021-06-21,20463.5
2021-06-28,20415.2
2021-07-05,20596.3
2021-07-12,20597.9
2021-07-19,20631.4
2021-07-26,20585.8
2021-08-02,20713.6
2021-08-09,20776.2
2021-08-16,20853.3
2021-08-23,20830.0
2021-08-30,20864.4
2021-09-06,21008.9
2021-09-13,21055.6
2021-09-20,21015.0
2021-09-27,20925.3
2021-10-04,21098.4
2021-10-11,21124.5
2021-10-18,21203.9
2021-10-25,21094.4
2021-11-01,21238.8
2021-11-08,21311.4
2021-11-15,21389.7
2021-11-22,21416.5
2021-11-29,21445.3
2021-12-06,21589.8
2021-12-13,21647.1
2021-12-20,21774.7
2021-12-27,21823.4
2022-01-03,21796.9
2022-01-10,21814.1
2022-01-17,21798.3
2022-01-24,21612.1
2022-01-31,21609.0
2022-02-07,21652.2
2022-02-14,21676.7
2022-02-21,21678.5
2022-02-28,21768.8
